file,backend,precision,selected_threshold,selected_fidelity,selected_threshold_log2,forward_wall_s,forward_threshold,forward_unique_outcomes,forward_peak_rss_mb,estimated_per_shot_s,estimated_setup_s,state_setup_wall_s,state_setup_peak_rss_mb,sweep_fid_1,sweep_wall_1,sweep_rss_1,sweep_fid_2,sweep_wall_2,sweep_rss_2,sweep_fid_4,sweep_wall_4,sweep_rss_4,sweep_fid_8,sweep_wall_8,sweep_rss_8,sweep_fid_16,sweep_wall_16,sweep_rss_16,sweep_fid_32,sweep_wall_32,sweep_rss_32,sweep_fid_64,sweep_wall_64,sweep_rss_64,sweep_fid_128,sweep_wall_128,sweep_rss_128,sweep_fid_256,sweep_wall_256,sweep_rss_256,sweep_fid_512,sweep_wall_512,sweep_rss_512,sweep_min_fidelity,sweep_max_fidelity,n_sweep_rungs,fidelity_at_1,rungs_to_099,biggest_fid_jump,biggest_jump_rung,verify_p_return_zero,n_qubits,n_cbits,n_qregs,n_cregs,gate_cx_count,gate_cx_frac,gate_cz_count,gate_cz_frac,gate_cp_count,gate_cp_frac,gate_rzz_count,gate_rzz_frac,gate_rxx_count,gate_rxx_frac,gate_swap_count,gate_swap_frac,gate_ccx_count,gate_ccx_frac,gate_rccx_count,gate_rccx_frac,gate_cswap_count,gate_cswap_frac,gate_h_count,gate_h_frac,gate_x_count,gate_x_frac,gate_y_count,gate_y_frac,gate_z_count,gate_z_frac,gate_rx_count,gate_rx_frac,gate_ry_count,gate_ry_frac,gate_rz_count,gate_rz_frac,gate_p_count,gate_p_frac,gate_u_count,gate_u_frac,gate_u1_count,gate_u1_frac,gate_u2_count,gate_u2_frac,gate_u3_count,gate_u3_frac,gate_s_count,gate_s_frac,gate_sdg_count,gate_sdg_frac,gate_t_count,gate_t_frac,gate_tdg_count,gate_tdg_frac,gate_sx_count,gate_sx_frac,gate_sxdg_count,gate_sxdg_frac,gate_cu_count,gate_cu_frac,gate_cu1_count,gate_cu1_frac,gate_cu3_count,gate_cu3_frac,gate_cry_count,gate_cry_frac,gate_crx_count,gate_crx_frac,gate_crz_count,gate_crz_frac,gate_ch_count,gate_ch_frac,n_1q_gates,n_2q_gates,n_3q_gates,n_parameterized_gates,frac_2q,frac_3q,frac_parameterized,n_distinct_gate_types,total_gates,max_cut_pressure,mean_cut_pressure,std_cut_pressure,sum_cut_pressure,cut_pressure_entropy,n_active_cuts,cut_pressure_frac_active,edge_cutwidth_natural,entangling_cutwidth_natural,max_gate_span,mean_gate_span,std_gate_span,frac_nearest_neighbor,frac_long_range,circuit_depth,depth_per_qubit,gate_density,n_entangling_gates,n_entangling_layers,entangling_gate_ratio,graph_n_edges,graph_density,graph_n_components,graph_largest_component_frac,graph_avg_clustering,graph_avg_shortest_path,graph_diameter,graph_conductance_best_cut,graph_sparsity,graph_clustering_over_density,graph_max_degree,graph_mean_degree,graph_std_degree,graph_min_degree,graph_median_degree,graph_p25_degree,graph_p75_degree,graph_degree_entropy,graph_degeneracy,graph_arboricity,graph_treewidth_min_degree,graph_treewidth_min_fill,graph_bandwidth_natural,graph_bandwidth_heuristic,graph_bandwidth_min,graph_cutwidth_natural,graph_cutwidth_heuristic,graph_cutwidth_min,graph_linear_arrangement_natural,graph_linear_arrangement_heuristic,graph_linear_arrangement_min,graph_min_balanced_separator,graph_recursive_bisection_max_cut,graph_recursive_bisection_avg_cut,graph_max_wdegree,graph_mean_wdegree,graph_std_wdegree,graph_min_wdegree,graph_median_wdegree,graph_p25_wdegree,graph_p75_wdegree,graph_max_edge_weight,graph_mean_edge_weight,is_nearest_neighbor,is_star_topology,is_all_to_all,param_mean,param_std,param_min,param_max,param_n_unique,param_entropy,gates_per_qubit,entangling_gates_per_qubit,cut_pressure_per_qubit,log_total_gates,log_n_qubits,log_max_cut_pressure,predicted_family,true_family,is_gpu,is_double,log_forward_wall_s,log_setup_s,log_per_shot_s
ae_indep_qiskit_130.qasm,CPU,double,16,0.9993819448229331,4,76.83209070000157,16,10000,450.6484375,0.004433401610161397,32.498074598387596,32.50250799999776,431.87890625,3.3435340943511685e-23,12.428425099999004,450.28125,7.20668531328448e-05,13.313726500004122,450.51171875,0.023924497072628278,21.532084099999338,450.8203125,0.9886211431639623,62.91265599999315,452.34765625,0.9993819448229331,343.04117060000135,455.62109375,0.9999978433542261,1948.5177767999994,459.41015625,,,,0.9999999993789912,882.6839183999982,458.15625,0.9999999993790272,880.6506221000018,459.2734375,0.9999999993790272,896.0573402000009,456.35546875,3.3435340943511685e-23,0.9999999993790272,9,3.3435340943511685e-23,4,0.9646966460913341,8,1.0,130,130,2,1,258.0,0.028568264865463405,0.0,0.0,8256.0,0.914184475694829,0.0,0.0,0.0,0.0,0.0,0.0,0.0,0.0,0.0,0.0,0.0,0.0,129.0,0.014284132432731703,0.0,0.0,0.0,0.0,0.0,0.0,0.0,0.0,0.0,0.0,0.0,0.0,0.0,0.0,130.0,0.014394862141512569,0.0,0.0,129.0,0.014284132432731703,129.0,0.014284132432731703,0.0,0.0,0.0,0.0,0.0,0.0,0.0,0.0,0.0,0.0,0.0,0.0,0.0,0.0,0.0,0.0,0.0,0.0,0.0,0.0,0.0,0.0,0.0,0.0,0.0,0.0,517.0,8514.0,0.0,8644.0,0.9427527405602923,0.0,0.9571476027018049,6.0,9031.0,4290.0,2903.3333333333335,1240.7195045169915,374530.0,6.85032038457583,129,1.0,4225.0,4290.0,129.0,43.98989898989899,30.744793416317165,0.01526896875734085,0.5696499882546394,773.0,5.946153846153846,0.08986963877002686,8514.0,386.0,0.9427527405602923,8385.0,1.0,1.0,1.0,1.0,0.0,0.0,0.0,0.0,0.0,129.0,129.0,0.0,129.0,129.0,129.0,129.0,7.022367813028455,129.0,0.0,129.0,129.0,129.0,129.0,129.0,4225.0,4225.0,4225.0,366145.0,366145.0,366145.0,65.0,4225.0,65.0,258.0,130.98461538461538,11.183081050191308,130.0,130.0,130.0,130.0,2.0,1.0153846153846153,0.0,1.0,1.0,1.0188640995029259e+35,4.99947568740469e+36,0.0,3.155422116160562e+38,285.0,0.009228617332473849,69.46923076923076,65.49230769230769,33.0,9.108529105829499,4.875197323201151,8.364275084991524,Amplitude_Estimation,Amplitude_Estimation,0.0,1.0,4.354553823002923,3.511487962504291,0.004423603035247141
ae_indep_qiskit_20.qasm,CPU,double,4,0.9933106030039517,2,7.064479499999834,4,122,426.69140625,0.0006839923392339459,0.22455610766037587,0.2252400999996098,418.1171875,0.900000000000005,0.4352039999998851,426.8671875,0.7595825213038911,0.5665276999998241,426.9140625,0.9933106030039517,0.6676586000003226,427.24609375,,,,,,,,,,,,,,,,,,,,,,0.7595825213038911,0.9933106030039517,3,0.900000000000005,2,0.23372808170006054,4,0.995,20,20,2,1,38.0,0.13286713286713286,0.0,0.0,171.0,0.5979020979020979,0.0,0.0,0.0,0.0,0.0,0.0,0.0,0.0,0.0,0.0,0.0,0.0,19.0,0.06643356643356643,0.0,0.0,0.0,0.0,0.0,0.0,0.0,0.0,0.0,0.0,0.0,0.0,0.0,0.0,20.0,0.06993006993006994,0.0,0.0,19.0,0.06643356643356643,19.0,0.06643356643356643,0.0,0.0,0.0,0.0,0.0,0.0,0.0,0.0,0.0,0.0,0.0,0.0,0.0,0.0,0.0,0.0,0.0,0.0,0.0,0.0,0.0,0.0,0.0,0.0,0.0,0.0,77.0,209.0,0.0,229.0,0.7307692307692307,0.0,0.8006993006993007,6.0,286.0,110.0,80.0,27.27636339397171,1520.0,4.151516575207828,19,1.0,100.0,110.0,19.0,7.2727272727272725,4.749945628222957,0.09569377990430622,0.569377990430622,113.0,5.65,0.12654867256637167,209.0,56.0,0.7307692307692307,190.0,1.0,1.0,1.0,1.0,0.0,0.0,0.0,0.0,0.0,19.0,19.0,0.0,19.0,19.0,19.0,19.0,4.321928094887363,19.0,0.0,19.0,19.0,19.0,19.0,19.0,100.0,100.0,100.0,1330.0,1330.0,1330.0,10.0,100.0,10.0,38.0,20.9,3.923009049186606,20.0,20.0,20.0,20.0,2.0,1.1,0.0,1.0,1.0,2237.515354405191,20443.33464346947,0.0,243084.87762781463,55.0,0.17382941078335992,14.3,10.45,5.5,5.659482215759621,3.044522437723423,4.709530201312334,Amplitude_Estimation,Amplitude_Estimation,0.0,1.0,2.087469171366765,0.2025784172344742,0.0006837585230867744
ae_indep_qiskit_20.qasm,CPU,single,4,0.9933355399117253,2,5.4808029000000715,4,110,427.0,0.000524015511551132,0.2406477844887509,0.24117180000030203,418.0,0.739674763568671,0.2547451999998884,426.87890625,0.7598311444710958,0.37429850000035003,427.203125,0.9933355399117253,0.40565269999979137,427.40234375,,,,,,,,,,,,,,,,,,,,,,0.739674763568671,0.9933355399117253,3,0.739674763568671,2,0.2335043954406295,4,0.995,20,20,2,1,38.0,0.13286713286713286,0.0,0.0,171.0,0.5979020979020979,0.0,0.0,0.0,0.0,0.0,0.0,0.0,0.0,0.0,0.0,0.0,0.0,19.0,0.06643356643356643,0.0,0.0,0.0,0.0,0.0,0.0,0.0,0.0,0.0,0.0,0.0,0.0,0.0,0.0,20.0,0.06993006993006994,0.0,0.0,19.0,0.06643356643356643,19.0,0.06643356643356643,0.0,0.0,0.0,0.0,0.0,0.0,0.0,0.0,0.0,0.0,0.0,0.0,0.0,0.0,0.0,0.0,0.0,0.0,0.0,0.0,0.0,0.0,0.0,0.0,0.0,0.0,77.0,209.0,0.0,229.0,0.7307692307692307,0.0,0.8006993006993007,6.0,286.0,110.0,80.0,27.27636339397171,1520.0,4.151516575207828,19,1.0,100.0,110.0,19.0,7.2727272727272725,4.749945628222957,0.09569377990430622,0.569377990430622,113.0,5.65,0.12654867256637167,209.0,56.0,0.7307692307692307,190.0,1.0,1.0,1.0,1.0,0.0,0.0,0.0,0.0,0.0,19.0,19.0,0.0,19.0,19.0,19.0,19.0,4.321928094887363,19.0,0.0,19.0,19.0,19.0,19.0,19.0,100.0,100.0,100.0,1330.0,1330.0,1330.0,10.0,100.0,10.0,38.0,20.9,3.923009049186606,20.0,20.0,20.0,20.0,2.0,1.1,0.0,1.0,1.0,2237.515354405191,20443.33464346947,0.0,243084.87762781463,55.0,0.17382941078335992,14.3,10.45,5.5,5.659482215759621,3.044522437723423,4.709530201312334,Amplitude_Estimation,Amplitude_Estimation,0.0,0.0,1.8688444070096757,0.21563365005576066,0.0005238782633676505
ae_indep_qiskit_20.qasm,GPU,double,4,0.9933106318813488,2,8.741223300000001,4,116,877.51953125,0.0007070815381538055,1.670407918461946,1.6711150000000998,865.23828125,0.9000000000000036,3.514987099999871,845.00390625,0.7595825743811969,4.360180499999842,874.74609375,0.9933106318813488,6.317070000000058,875.609375,,,,,,,,,,,,,,,,,,,,,,0.7595825743811969,0.9933106318813488,3,0.9000000000000036,2,0.2337280575001519,4,1.0,20,20,2,1,38.0,0.13286713286713286,0.0,0.0,171.0,0.5979020979020979,0.0,0.0,0.0,0.0,0.0,0.0,0.0,0.0,0.0,0.0,0.0,0.0,19.0,0.06643356643356643,0.0,0.0,0.0,0.0,0.0,0.0,0.0,0.0,0.0,0.0,0.0,0.0,0.0,0.0,20.0,0.06993006993006994,0.0,0.0,19.0,0.06643356643356643,19.0,0.06643356643356643,0.0,0.0,0.0,0.0,0.0,0.0,0.0,0.0,0.0,0.0,0.0,0.0,0.0,0.0,0.0,0.0,0.0,0.0,0.0,0.0,0.0,0.0,0.0,0.0,0.0,0.0,77.0,209.0,0.0,229.0,0.7307692307692307,0.0,0.8006993006993007,6.0,286.0,110.0,80.0,27.27636339397171,1520.0,4.151516575207828,19,1.0,100.0,110.0,19.0,7.2727272727272725,4.749945628222957,0.09569377990430622,0.569377990430622,113.0,5.65,0.12654867256637167,209.0,56.0,0.7307692307692307,190.0,1.0,1.0,1.0,1.0,0.0,0.0,0.0,0.0,0.0,19.0,19.0,0.0,19.0,19.0,19.0,19.0,4.321928094887363,19.0,0.0,19.0,19.0,19.0,19.0,19.0,100.0,100.0,100.0,1330.0,1330.0,1330.0,10.0,100.0,10.0,38.0,20.9,3.923009049186606,20.0,20.0,20.0,20.0,2.0,1.1,0.0,1.0,1.0,2237.515354405191,20443.33464346947,0.0,243084.87762781463,55.0,0.17382941078335992,14.3,10.45,5.5,5.659482215759621,3.044522437723423,4.709530201312334,Amplitude_Estimation,Amplitude_Estimation,1.0,1.0,2.276366705250538,0.9822312391928864,0.0007068316737790599
ae_indep_qiskit_20.qasm,GPU,single,4,0.9933391042535065,2,6.923386600000413,4,114,511.078125,0.0005491932893289699,1.4314537067107143,1.4320029000000432,498.12109375,0.2821620963097113,3.011737300000277,478.41796875,0.7598301106335581,4.099213999999847,508.07421875,0.9933391042535065,5.349105400000099,508.69140625,,,,,,,,,,,,,,,,,,,,,,0.2821620963097113,0.9933391042535065,3,0.2821620963097113,2,0.4776680143238468,2,0.995,20,20,2,1,38.0,0.13286713286713286,0.0,0.0,171.0,0.5979020979020979,0.0,0.0,0.0,0.0,0.0,0.0,0.0,0.0,0.0,0.0,0.0,0.0,19.0,0.06643356643356643,0.0,0.0,0.0,0.0,0.0,0.0,0.0,0.0,0.0,0.0,0.0,0.0,0.0,0.0,20.0,0.06993006993006994,0.0,0.0,19.0,0.06643356643356643,19.0,0.06643356643356643,0.0,0.0,0.0,0.0,0.0,0.0,0.0,0.0,0.0,0.0,0.0,0.0,0.0,0.0,0.0,0.0,0.0,0.0,0.0,0.0,0.0,0.0,0.0,0.0,0.0,0.0,77.0,209.0,0.0,229.0,0.7307692307692307,0.0,0.8006993006993007,6.0,286.0,110.0,80.0,27.27636339397171,1520.0,4.151516575207828,19,1.0,100.0,110.0,19.0,7.2727272727272725,4.749945628222957,0.09569377990430622,0.569377990430622,113.0,5.65,0.12654867256637167,209.0,56.0,0.7307692307692307,190.0,1.0,1.0,1.0,1.0,0.0,0.0,0.0,0.0,0.0,19.0,19.0,0.0,19.0,19.0,19.0,19.0,4.321928094887363,19.0,0.0,19.0,19.0,19.0,19.0,19.0,100.0,100.0,100.0,1330.0,1330.0,1330.0,10.0,100.0,10.0,38.0,20.9,3.923009049186606,20.0,20.0,20.0,20.0,2.0,1.1,0.0,1.0,1.0,2237.515354405191,20443.33464346947,0.0,243084.87762781463,55.0,0.17382941078335992,14.3,10.45,5.5,5.659482215759621,3.044522437723423,4.709530201312334,Amplitude_Estimation,Amplitude_Estimation,1.0,0.0,2.0698187154412286,0.8884893116965873,0.0005490425378863763
cutbell_n30_k6.qasm,CPU,double,2,1.0,1,19.727006099999926,2,64,426.83984375,0.001950074627462725,0.22625982537267536,0.22820990000013808,417.265625,0.015625000000000007,0.5251475000000028,425.95703125,1.0,0.26043970000000627,426.01953125,,,,,,,,,,,,,,,,,,,,,,,,,0.015625000000000007,1.0,2,0.015625000000000007,1,0.984375,2,1.0,30,30,1,1,6.0,0.5,0.0,0.0,0.0,0.0,0.0,0.0,0.0,0.0,0.0,0.0,0.0,0.0,0.0,0.0,0.0,0.0,6.0,0.5,0.0,0.0,0.0,0.0,0.0,0.0,0.0,0.0,0.0,0.0,0.0,0.0,0.0,0.0,0.0,0.0,0.0,0.0,0.0,0.0,0.0,0.0,0.0,0.0,0.0,0.0,0.0,0.0,0.0,0.0,0.0,0.0,0.0,0.0,0.0,0.0,0.0,0.0,0.0,0.0,0.0,0.0,0.0,0.0,0.0,0.0,0.0,0.0,6.0,6.0,0.0,0.0,0.5,0.0,0.0,2.0,12.0,6.0,3.103448275862069,2.5642748196659593,90.0,4.1826663630355645,20,0.6896551724137931,6.0,6.0,15.0,15.0,0.0,0.0,1.0,2.0,0.06666666666666667,0.2,6.0,6.0,0.5,6.0,0.013793103448275862,24.0,0.06666666666666667,0.0,0.0,0.0,0.0,0.0,0.0,1.0,0.4,0.48989794855663565,0.0,0.0,0.0,1.0,3.584962500721156,1.0,0.0,1.0,1.0,15.0,1.0,1.0,6.0,1.0,1.0,90.0,6.0,6.0,0.0,1.0,0.3333333333333333,1.0,0.4,0.48989794855663565,0.0,0.0,0.0,1.0,1.0,1.0,0.0,0.0,0.0,0.0,0.0,0.0,0.0,0.0,0.0,0.4,0.2,0.2,2.5649493574615367,3.4339872044851463,1.9459101490553132,CutBell,CutBell,0.0,1.0,3.031437492476839,0.20396874440166615,0.0019481757002354958
cutbell_n30_k6.qasm,CPU,single,2,0.9999992847443906,1,6.355348400000139,2,64,426.5,0.000615248454845489,0.20286385154524958,0.20347910000009506,417.265625,0.015624996274709924,0.273379900000009,425.890625,0.9999992847443906,0.2775664000000688,426.078125,,,,,,,,,,,,,,,,,,,,,,,,,0.015624996274709924,0.9999992847443906,2,0.015624996274709924,1,0.9843742884696807,2,1.0,30,30,1,1,6.0,0.5,0.0,0.0,0.0,0.0,0.0,0.0,0.0,0.0,0.0,0.0,0.0,0.0,0.0,0.0,0.0,0.0,6.0,0.5,0.0,0.0,0.0,0.0,0.0,0.0,0.0,0.0,0.0,0.0,0.0,0.0,0.0,0.0,0.0,0.0,0.0,0.0,0.0,0.0,0.0,0.0,0.0,0.0,0.0,0.0,0.0,0.0,0.0,0.0,0.0,0.0,0.0,0.0,0.0,0.0,0.0,0.0,0.0,0.0,0.0,0.0,0.0,0.0,0.0,0.0,0.0,0.0,6.0,6.0,0.0,0.0,0.5,0.0,0.0,2.0,12.0,6.0,3.103448275862069,2.5642748196659593,90.0,4.1826663630355645,20,0.6896551724137931,6.0,6.0,15.0,15.0,0.0,0.0,1.0,2.0,0.06666666666666667,0.2,6.0,6.0,0.5,6.0,0.013793103448275862,24.0,0.06666666666666667,0.0,0.0,0.0,0.0,0.0,0.0,1.0,0.4,0.48989794855663565,0.0,0.0,0.0,1.0,3.584962500721156,1.0,0.0,1.0,1.0,15.0,1.0,1.0,6.0,1.0,1.0,90.0,6.0,6.0,0.0,1.0,0.3333333333333333,1.0,0.4,0.48989794855663565,0.0,0.0,0.0,1.0,1.0,1.0,0.0,0.0,0.0,0.0,0.0,0.0,0.0,0.0,0.0,0.4,0.2,0.2,2.5649493574615367,3.4339872044851463,1.9459101490553132,CutBell,CutBell,0.0,0.0,1.9954277220681793,0.18470525647751948,0.0006150592671092251
cutbell_n30_k6.qasm,GPU,double,2,1.0000000000000027,1,20.084437799999932,2,64,843.59765625,0.00198558845884588,0.22855321154113073,0.23053879999997662,831.34765625,0.015625000000000007,0.5556483999998818,840.11328125,1.0000000000000027,0.6615885999999591,851.1328125,,,,,,,,,,,,,,,,,,,,,,,,,0.015625000000000007,1.0000000000000027,2,0.015625000000000007,1,0.9843750000000027,2,1.0,30,30,1,1,6.0,0.5,0.0,0.0,0.0,0.0,0.0,0.0,0.0,0.0,0.0,0.0,0.0,0.0,0.0,0.0,0.0,0.0,6.0,0.5,0.0,0.0,0.0,0.0,0.0,0.0,0.0,0.0,0.0,0.0,0.0,0.0,0.0,0.0,0.0,0.0,0.0,0.0,0.0,0.0,0.0,0.0,0.0,0.0,0.0,0.0,0.0,0.0,0.0,0.0,0.0,0.0,0.0,0.0,0.0,0.0,0.0,0.0,0.0,0.0,0.0,0.0,0.0,0.0,0.0,0.0,0.0,0.0,6.0,6.0,0.0,0.0,0.5,0.0,0.0,2.0,12.0,6.0,3.103448275862069,2.5642748196659593,90.0,4.1826663630355645,20,0.6896551724137931,6.0,6.0,15.0,15.0,0.0,0.0,1.0,2.0,0.06666666666666667,0.2,6.0,6.0,0.5,6.0,0.013793103448275862,24.0,0.06666666666666667,0.0,0.0,0.0,0.0,0.0,0.0,1.0,0.4,0.48989794855663565,0.0,0.0,0.0,1.0,3.584962500721156,1.0,0.0,1.0,1.0,15.0,1.0,1.0,6.0,1.0,1.0,90.0,6.0,6.0,0.0,1.0,0.3333333333333333,1.0,0.4,0.48989794855663565,0.0,0.0,0.0,1.0,1.0,1.0,0.0,0.0,0.0,0.0,0.0,0.0,0.0,0.0,0.0,0.4,0.2,0.2,2.5649493574615367,3.4339872044851463,1.9459101490553132,CutBell,CutBell,1.0,1.0,3.048535223338181,0.2058372262788569,0.001983619783637033
cutbell_n30_k6.qasm,GPU,single,2,1.0,1,6.362876700000015,2,64,478.984375,0.0006149372637263759,0.21350406273625602,0.2141189999999824,465.1875,0.015624996274709924,0.2965563000000202,473.66796875,1.0,0.3033530999998675,484.45703125,,,,,,,,,,,,,,,,,,,,,,,,,0.015624996274709924,1.0,2,0.015624996274709924,1,0.9843750037252901,2,1.0,30,30,1,1,6.0,0.5,0.0,0.0,0.0,0.0,0.0,0.0,0.0,0.0,0.0,0.0,0.0,0.0,0.0,0.0,0.0,0.0,6.0,0.5,0.0,0.0,0.0,0.0,0.0,0.0,0.0,0.0,0.0,0.0,0.0,0.0,0.0,0.0,0.0,0.0,0.0,0.0,0.0,0.0,0.0,0.0,0.0,0.0,0.0,0.0,0.0,0.0,0.0,0.0,0.0,0.0,0.0,0.0,0.0,0.0,0.0,0.0,0.0,0.0,0.0,0.0,0.0,0.0,0.0,0.0,0.0,0.0,6.0,6.0,0.0,0.0,0.5,0.0,0.0,2.0,12.0,6.0,3.103448275862069,2.5642748196659593,90.0,4.1826663630355645,20,0.6896551724137931,6.0,6.0,15.0,15.0,0.0,0.0,1.0,2.0,0.06666666666666667,0.2,6.0,6.0,0.5,6.0,0.013793103448275862,24.0,0.06666666666666667,0.0,0.0,0.0,0.0,0.0,0.0,1.0,0.4,0.48989794855663565,0.0,0.0,0.0,1.0,3.584962500721156,1.0,0.0,1.0,1.0,15.0,1.0,1.0,6.0,1.0,1.0,90.0,6.0,6.0,0.0,1.0,0.3333333333333333,1.0,0.4,0.48989794855663565,0.0,0.0,0.0,1.0,1.0,1.0,0.0,0.0,0.0,0.0,0.0,0.0,0.0,0.0,0.0,0.4,0.2,0.2,2.5649493574615367,3.4339872044851463,1.9459101490553132,CutBell,CutBell,1.0,0.0,1.9964507123547477,0.19351209412803375,0.0006147482672838839
dj_indep_qiskit_130.qasm,CPU,double,1,0.9999999999905649,0,2588.3113831,1,1,428.2578125,0.2587631431743174,0.6799513568257427,0.9387145000000601,417.93359375,0.9999999999905649,1.5769649999997455,427.609375,,,,,,,,,,,,,,,,,,,,,,,,,,,,0.9999999999905649,0.9999999999905649,1,0.9999999999905649,0,0.0,1,1.0,130,129,1,1,129.0,0.3324742268041237,0.0,0.0,0.0,0.0,0.0,0.0,0.0,0.0,0.0,0.0,0.0,0.0,0.0,0.0,0.0,0.0,140.0,0.36082474226804123,0.0,0.0,0.0,0.0,0.0,0.0,0.0,0.0,0.0,0.0,0.0,0.0,0.0,0.0,0.0,0.0,0.0,0.0,119.0,0.30670103092783507,0.0,0.0,0.0,0.0,0.0,0.0,0.0,0.0,0.0,0.0,0.0,0.0,0.0,0.0,0.0,0.0,0.0,0.0,0.0,0.0,0.0,0.0,0.0,0.0,0.0,0.0,0.0,0.0,259.0,129.0,0.0,119.0,0.3324742268041237,0.0,0.30670103092783507,3.0,388.0,129.0,65.0,37.23797345005051,8385.0,6.738054026260361,129,1.0,129.0,129.0,129.0,65.0,37.23797345005051,0.007751937984496124,0.751937984496124,131.0,1.0076923076923077,0.022783323546682326,129.0,129.0,0.3324742268041237,129.0,0.015384615384615385,1.0,1.0,0.0,0.0,0.0,0.0,0.0,0.0,129.0,1.9846153846153847,11.183081050191308,1.0,1.0,1.0,1.0,4.505613627711627,1.0,0.0,1.0,1.0,129.0,129.0,129.0,129.0,129.0,129.0,8385.0,8385.0,8385.0,1.0,65.0,16.125,129.0,1.9846153846153847,11.183081050191308,1.0,1.0,1.0,1.0,1.0,1.0,0.0,1.0,0.0,1.5839962959276266,1.5707408637605487,0.0,3.141592653589793,2.0,0.999949060376349,2.9846153846153847,0.9923076923076923,0.9923076923076923,5.963579343618446,4.875197323201151,4.867534450455582,Deutsch_Jozsa,Deutsch_Jozsa,0.0,1.0,7.8591472440915275,0.5187648387255933,0.23012960644543223
dj_indep_qiskit_130.qasm,CPU,single,1,0.9999842644356818,0,435.80848079999987,1,1,428.8125,0.04356291607160716,0.1793200839283035,0.22288299999991068,418.27734375,0.9999842644356818,0.63948019999998,428.03515625,,,,,,,,,,,,,,,,,,,,,,,,,,,,0.9999842644356818,0.9999842644356818,1,0.9999842644356818,0,0.0,1,1.0,130,129,1,1,129.0,0.3324742268041237,0.0,0.0,0.0,0.0,0.0,0.0,0.0,0.0,0.0,0.0,0.0,0.0,0.0,0.0,0.0,0.0,140.0,0.36082474226804123,0.0,0.0,0.0,0.0,0.0,0.0,0.0,0.0,0.0,0.0,0.0,0.0,0.0,0.0,0.0,0.0,0.0,0.0,119.0,0.30670103092783507,0.0,0.0,0.0,0.0,0.0,0.0,0.0,0.0,0.0,0.0,0.0,0.0,0.0,0.0,0.0,0.0,0.0,0.0,0.0,0.0,0.0,0.0,0.0,0.0,0.0,0.0,0.0,0.0,259.0,129.0,0.0,119.0,0.3324742268041237,0.0,0.30670103092783507,3.0,388.0,129.0,65.0,37.23797345005051,8385.0,6.738054026260361,129,1.0,129.0,129.0,129.0,65.0,37.23797345005051,0.007751937984496124,0.751937984496124,131.0,1.0076923076923077,0.022783323546682326,129.0,129.0,0.3324742268041237,129.0,0.015384615384615385,1.0,1.0,0.0,0.0,0.0,0.0,0.0,0.0,129.0,1.9846153846153847,11.183081050191308,1.0,1.0,1.0,1.0,4.505613627711627,1.0,0.0,1.0,1.0,129.0,129.0,129.0,129.0,129.0,129.0,8385.0,8385.0,8385.0,1.0,65.0,16.125,129.0,1.9846153846153847,11.183081050191308,1.0,1.0,1.0,1.0,1.0,1.0,0.0,1.0,0.0,1.5839962959276266,1.5707408637605487,0.0,3.141592653589793,2.0,0.999949060376349,2.9846153846153847,0.9923076923076923,0.9923076923076923,5.963579343618446,4.875197323201151,4.867534450455582,Deutsch_Jozsa,Deutsch_Jozsa,0.0,0.0,6.079494839993128,0.16493807234976368,0.042640739030062526
dj_indep_qiskit_130.qasm,GPU,double,1,1.0000000000005929,0,2473.6742729999996,1,1,849.078125,0.24654516883688363,8.222584631163363,8.469129800000246,835.0546875,1.0000000000005929,17.80705020000005,844.21875,,,,,,,,,,,,,,,,,,,,,,,,,,,,1.0000000000005929,1.0000000000005929,1,1.0000000000005929,0,0.0,1,1.0,130,129,1,1,129.0,0.3324742268041237,0.0,0.0,0.0,0.0,0.0,0.0,0.0,0.0,0.0,0.0,0.0,0.0,0.0,0.0,0.0,0.0,140.0,0.36082474226804123,0.0,0.0,0.0,0.0,0.0,0.0,0.0,0.0,0.0,0.0,0.0,0.0,0.0,0.0,0.0,0.0,0.0,0.0,119.0,0.30670103092783507,0.0,0.0,0.0,0.0,0.0,0.0,0.0,0.0,0.0,0.0,0.0,0.0,0.0,0.0,0.0,0.0,0.0,0.0,0.0,0.0,0.0,0.0,0.0,0.0,0.0,0.0,0.0,0.0,259.0,129.0,0.0,119.0,0.3324742268041237,0.0,0.30670103092783507,3.0,388.0,129.0,65.0,37.23797345005051,8385.0,6.738054026260361,129,1.0,129.0,129.0,129.0,65.0,37.23797345005051,0.007751937984496124,0.751937984496124,131.0,1.0076923076923077,0.022783323546682326,129.0,129.0,0.3324742268041237,129.0,0.015384615384615385,1.0,1.0,0.0,0.0,0.0,0.0,0.0,0.0,129.0,1.9846153846153847,11.183081050191308,1.0,1.0,1.0,1.0,4.505613627711627,1.0,0.0,1.0,1.0,129.0,129.0,129.0,129.0,129.0,129.0,8385.0,8385.0,8385.0,1.0,65.0,16.125,129.0,1.9846153846153847,11.183081050191308,1.0,1.0,1.0,1.0,1.0,1.0,0.0,1.0,0.0,1.5839962959276266,1.5707408637605487,0.0,3.141592653589793,2.0,0.999949060376349,2.9846153846153847,0.9923076923076923,0.9923076923076923,5.963579343618446,4.875197323201151,4.867534450455582,Deutsch_Jozsa,Deutsch_Jozsa,1.0,1.0,7.813864059473159,2.221655327043321,0.22037585985674418
dj_indep_qiskit_130.qasm,GPU,single,1,0.9999924898638415,0,508.9860284000006,1,1,483.234375,0.05016362569256938,7.349771474306742,7.399935099999311,468.3046875,0.9999924898638415,14.685917599999812,477.78125,,,,,,,,,,,,,,,,,,,,,,,,,,,,0.9999924898638415,0.9999924898638415,1,0.9999924898638415,0,0.0,1,1.0,130,129,1,1,129.0,0.3324742268041237,0.0,0.0,0.0,0.0,0.0,0.0,0.0,0.0,0.0,0.0,0.0,0.0,0.0,0.0,0.0,0.0,140.0,0.36082474226804123,0.0,0.0,0.0,0.0,0.0,0.0,0.0,0.0,0.0,0.0,0.0,0.0,0.0,0.0,0.0,0.0,0.0,0.0,119.0,0.30670103092783507,0.0,0.0,0.0,0.0,0.0,0.0,0.0,0.0,0.0,0.0,0.0,0.0,0.0,0.0,0.0,0.0,0.0,0.0,0.0,0.0,0.0,0.0,0.0,0.0,0.0,0.0,0.0,0.0,259.0,129.0,0.0,119.0,0.3324742268041237,0.0,0.30670103092783507,3.0,388.0,129.0,65.0,37.23797345005051,8385.0,6.738054026260361,129,1.0,129.0,129.0,129.0,65.0,37.23797345005051,0.007751937984496124,0.751937984496124,131.0,1.0076923076923077,0.022783323546682326,129.0,129.0,0.3324742268041237,129.0,0.015384615384615385,1.0,1.0,0.0,0.0,0.0,0.0,0.0,0.0,129.0,1.9846153846153847,11.183081050191308,1.0,1.0,1.0,1.0,4.505613627711627,1.0,0.0,1.0,1.0,129.0,129.0,129.0,129.0,129.0,129.0,8385.0,8385.0,8385.0,1.0,65.0,16.125,129.0,1.9846153846153847,11.183081050191308,1.0,1.0,1.0,1.0,1.0,1.0,0.0,1.0,0.0,1.5839962959276266,1.5707408637605487,0.0,3.141592653589793,2.0,0.999949060376349,2.9846153846153847,0.9923076923076923,0.9923076923076923,5.963579343618446,4.875197323201151,4.867534450455582,Deutsch_Jozsa,Deutsch_Jozsa,1.0,0.0,6.234383330048997,2.122234170141746,0.048945986021499834
dj_indep_qiskit_15.qasm,CPU,double,1,0.9999999999998832,0,27.689442199999803,1,1,425.93359375,0.002746760936093593,0.2218328390638764,0.22457959999997001,417.44140625,0.9999999999998832,0.2652975000000879,426.24609375,,,,,,,,,,,,,,,,,,,,,,,,,,,,0.9999999999998832,0.9999999999998832,1,0.9999999999998832,0,0.0,1,1.0,15,14,1,1,14.0,0.32558139534883723,0.0,0.0,0.0,0.0,0.0,0.0,0.0,0.0,0.0,0.0,0.0,0.0,0.0,0.0,0.0,0.0,10.0,0.23255813953488372,0.0,0.0,0.0,0.0,0.0,0.0,0.0,0.0,0.0,0.0,0.0,0.0,0.0,0.0,0.0,0.0,0.0,0.0,19.0,0.4418604651162791,0.0,0.0,0.0,0.0,0.0,0.0,0.0,0.0,0.0,0.0,0.0,0.0,0.0,0.0,0.0,0.0,0.0,0.0,0.0,0.0,0.0,0.0,0.0,0.0,0.0,0.0,0.0,0.0,29.0,14.0,0.0,19.0,0.32558139534883723,0.0,0.4418604651162791,3.0,43.0,14.0,7.5,4.031128874149275,105.0,3.5737085990424116,14,1.0,14.0,14.0,14.0,7.5,4.031128874149275,0.07142857142857142,0.7857142857142857,16.0,1.0666666666666667,0.17916666666666667,14.0,14.0,0.32558139534883723,14.0,0.13333333333333333,1.0,1.0,0.0,0.0,0.0,0.0,0.0,0.0,14.0,1.8666666666666667,3.2427697352040825,1.0,1.0,1.0,1.0,2.9036774610288023,1.0,0.0,1.0,1.0,14.0,14.0,14.0,14.0,14.0,14.0,105.0,105.0,105.0,1.0,7.0,3.5,14.0,1.8666666666666667,3.2427697352040825,1.0,1.0,1.0,1.0,1.0,1.0,0.0,1.0,0.0,1.653469817678839,1.5686191998625423,0.0,3.141592653589793,2.0,0.9980008838722996,2.8666666666666667,0.9333333333333333,0.9333333333333333,3.784189633918261,2.772588722239781,2.70805020110221,Deutsch_Jozsa,Deutsch_Jozsa,0.0,1.0,3.356529187489867,0.20035205848231535,0.002742995481899245
dj_indep_qiskit_15.qasm,CPU,single,1,0.9999979734431044,0,5.834394200000133,1,1,426.40625,0.0005617877187718824,0.2165170122813093,0.21707880000008117,417.9453125,0.9999979734431044,0.22376669999994192,426.1953125,,,,,,,,,,,,,,,,,,,,,,,,,,,,0.9999979734431044,0.9999979734431044,1,0.9999979734431044,0,0.0,1,1.0,15,14,1,1,14.0,0.32558139534883723,0.0,0.0,0.0,0.0,0.0,0.0,0.0,0.0,0.0,0.0,0.0,0.0,0.0,0.0,0.0,0.0,10.0,0.23255813953488372,0.0,0.0,0.0,0.0,0.0,0.0,0.0,0.0,0.0,0.0,0.0,0.0,0.0,0.0,0.0,0.0,0.0,0.0,19.0,0.4418604651162791,0.0,0.0,0.0,0.0,0.0,0.0,0.0,0.0,0.0,0.0,0.0,0.0,0.0,0.0,0.0,0.0,0.0,0.0,0.0,0.0,0.0,0.0,0.0,0.0,0.0,0.0,0.0,0.0,29.0,14.0,0.0,19.0,0.32558139534883723,0.0,0.4418604651162791,3.0,43.0,14.0,7.5,4.031128874149275,105.0,3.5737085990424116,14,1.0,14.0,14.0,14.0,7.5,4.031128874149275,0.07142857142857142,0.7857142857142857,16.0,1.0666666666666667,0.17916666666666667,14.0,14.0,0.32558139534883723,14.0,0.13333333333333333,1.0,1.0,0.0,0.0,0.0,0.0,0.0,0.0,14.0,1.8666666666666667,3.2427697352040825,1.0,1.0,1.0,1.0,2.9036774610288023,1.0,0.0,1.0,1.0,14.0,14.0,14.0,14.0,14.0,14.0,105.0,105.0,105.0,1.0,7.0,3.5,14.0,1.8666666666666667,3.2427697352040825,1.0,1.0,1.0,1.0,1.0,1.0,0.0,1.0,0.0,1.653469817678839,1.5686191998625423,0.0,3.141592653589793,2.0,0.9980008838722996,2.8666666666666667,0.9333333333333333,0.9333333333333333,3.784189633918261,2.772588722239781,2.70805020110221,Deutsch_Jozsa,Deutsch_Jozsa,0.0,0.0,1.9219678342069153,0.19599186775632338,0.0005616299751275974
dj_indep_qiskit_15.qasm,GPU,double,1,1.0000000000000155,0,27.383448000000044,1,1,847.10546875,0.002716317311731175,0.22027488268829287,0.22299120000002404,834.09765625,1.0000000000000155,0.462892199999942,842.2265625,,,,,,,,,,,,,,,,,,,,,,,,,,,,1.0000000000000155,1.0000000000000155,1,1.0000000000000155,0,0.0,1,1.0,15,14,1,1,14.0,0.32558139534883723,0.0,0.0,0.0,0.0,0.0,0.0,0.0,0.0,0.0,0.0,0.0,0.0,0.0,0.0,0.0,0.0,10.0,0.23255813953488372,0.0,0.0,0.0,0.0,0.0,0.0,0.0,0.0,0.0,0.0,0.0,0.0,0.0,0.0,0.0,0.0,0.0,0.0,19.0,0.4418604651162791,0.0,0.0,0.0,0.0,0.0,0.0,0.0,0.0,0.0,0.0,0.0,0.0,0.0,0.0,0.0,0.0,0.0,0.0,0.0,0.0,0.0,0.0,0.0,0.0,0.0,0.0,0.0,0.0,29.0,14.0,0.0,19.0,0.32558139534883723,0.0,0.4418604651162791,3.0,43.0,14.0,7.5,4.031128874149275,105.0,3.5737085990424116,14,1.0,14.0,14.0,14.0,7.5,4.031128874149275,0.07142857142857142,0.7857142857142857,16.0,1.0666666666666667,0.17916666666666667,14.0,14.0,0.32558139534883723,14.0,0.13333333333333333,1.0,1.0,0.0,0.0,0.0,0.0,0.0,0.0,14.0,1.8666666666666667,3.2427697352040825,1.0,1.0,1.0,1.0,2.9036774610288023,1.0,0.0,1.0,1.0,14.0,14.0,14.0,14.0,14.0,14.0,105.0,105.0,105.0,1.0,7.0,3.5,14.0,1.8666666666666667,3.2427697352040825,1.0,1.0,1.0,1.0,1.0,1.0,0.0,1.0,0.0,1.653469817678839,1.5686191998625423,0.0,3.141592653589793,2.0,0.9980008838722996,2.8666666666666667,0.9333333333333333,0.9333333333333333,3.784189633918261,2.772588722239781,2.70805020110221,Deutsch_Jozsa,Deutsch_Jozsa,1.0,1.0,3.345806158361965,0.19907614704477894,0.002712634788955095
dj_indep_qiskit_15.qasm,GPU,single,1,0.9999984502799326,0,6.379441999999926,1,1,480.73046875,0.0006145398939893925,0.23404306010600198,0.23465759999999136,467.390625,0.9999984502799326,0.30865849999986494,475.45703125,,,,,,,,,,,,,,,,,,,,,,,,,,,,0.9999984502799326,0.9999984502799326,1,0.9999984502799326,0,0.0,1,1.0,15,14,1,1,14.0,0.32558139534883723,0.0,0.0,0.0,0.0,0.0,0.0,0.0,0.0,0.0,0.0,0.0,0.0,0.0,0.0,0.0,0.0,10.0,0.23255813953488372,0.0,0.0,0.0,0.0,0.0,0.0,0.0,0.0,0.0,0.0,0.0,0.0,0.0,0.0,0.0,0.0,0.0,0.0,19.0,0.4418604651162791,0.0,0.0,0.0,0.0,0.0,0.0,0.0,0.0,0.0,0.0,0.0,0.0,0.0,0.0,0.0,0.0,0.0,0.0,0.0,0.0,0.0,0.0,0.0,0.0,0.0,0.0,0.0,0.0,29.0,14.0,0.0,19.0,0.32558139534883723,0.0,0.4418604651162791,3.0,43.0,14.0,7.5,4.031128874149275,105.0,3.5737085990424116,14,1.0,14.0,14.0,14.0,7.5,4.031128874149275,0.07142857142857142,0.7857142857142857,16.0,1.0666666666666667,0.17916666666666667,14.0,14.0,0.32558139534883723,14.0,0.13333333333333333,1.0,1.0,0.0,0.0,0.0,0.0,0.0,0.0,14.0,1.8666666666666667,3.2427697352040825,1.0,1.0,1.0,1.0,2.9036774610288023,1.0,0.0,1.0,1.0,14.0,14.0,14.0,14.0,14.0,14.0,105.0,105.0,105.0,1.0,7.0,3.5,14.0,1.8666666666666667,3.2427697352040825,1.0,1.0,1.0,1.0,1.0,1.0,0.0,1.0,0.0,1.653469817678839,1.5686191998625423,0.0,3.141592653589793,2.0,0.9980008838722996,2.8666666666666667,0.9333333333333333,0.9333333333333333,3.784189633918261,2.772588722239781,2.70805020110221,Deutsch_Jozsa,Deutsch_Jozsa,1.0,0.0,1.9986980259977118,0.21029581961182972,0.0006143511416753327
dj_indep_qiskit_30.qasm,CPU,double,1,0.9999999999995062,0,140.22691629999986,1,1,426.12109375,0.014001348434843467,0.21343195156518624,0.2274333000000297,417.6640625,0.9999999999995062,0.42782800000009047,426.3359375,,,,,,,,,,,,,,,,,,,,,,,,,,,,0.9999999999995062,0.9999999999995062,1,0.9999999999995062,0,0.0,1,1.0,30,29,1,1,29.0,0.32954545454545453,0.0,0.0,0.0,0.0,0.0,0.0,0.0,0.0,0.0,0.0,0.0,0.0,0.0,0.0,0.0,0.0,30.0,0.3409090909090909,0.0,0.0,0.0,0.0,0.0,0.0,0.0,0.0,0.0,0.0,0.0,0.0,0.0,0.0,0.0,0.0,0.0,0.0,29.0,0.32954545454545453,0.0,0.0,0.0,0.0,0.0,0.0,0.0,0.0,0.0,0.0,0.0,0.0,0.0,0.0,0.0,0.0,0.0,0.0,0.0,0.0,0.0,0.0,0.0,0.0,0.0,0.0,0.0,0.0,59.0,29.0,0.0,29.0,0.32954545454545453,0.0,0.32954545454545453,3.0,88.0,29.0,15.0,8.366600265340756,435.0,4.602437541274559,29,1.0,29.0,29.0,29.0,15.0,8.366600265340756,0.034482758620689655,0.7586206896551724,31.0,1.0333333333333334,0.09462365591397849,29.0,29.0,0.32954545454545453,29.0,0.06666666666666667,1.0,1.0,0.0,0.0,0.0,0.0,0.0,0.0,29.0,1.9333333333333333,5.026153819992204,1.0,1.0,1.0,1.0,3.428990497563787,1.0,0.0,1.0,1.0,29.0,29.0,29.0,29.0,29.0,29.0,435.0,435.0,435.0,1.0,15.0,5.8,29.0,1.9333333333333333,5.026153819992204,1.0,1.0,1.0,1.0,1.0,1.0,0.0,1.0,0.0,1.624961717374031,1.5698621629734724,0.0,3.141592653589793,2.0,0.9991421039919088,2.933333333333333,0.9666666666666667,0.9666666666666667,4.48863636973214,3.4339872044851463,3.4011973816621555,Deutsch_Jozsa,Deutsch_Jozsa,0.0,1.0,4.950367932246544,0.19345266844011608,0.013904234985507084
dj_indep_qiskit_30.qasm,CPU,single,1,0.9999961853063724,0,22.73204769999984,1,1,426.25390625,0.0022506430643064214,0.22561705693562698,0.2278676999999334,417.80078125,0.9999961853063724,0.23566930000015418,426.3828125,,,,,,,,,,,,,,,,,,,,,,,,,,,,0.9999961853063724,0.9999961853063724,1,0.9999961853063724,0,0.0,1,1.0,30,29,1,1,29.0,0.32954545454545453,0.0,0.0,0.0,0.0,0.0,0.0,0.0,0.0,0.0,0.0,0.0,0.0,0.0,0.0,0.0,0.0,30.0,0.3409090909090909,0.0,0.0,0.0,0.0,0.0,0.0,0.0,0.0,0.0,0.0,0.0,0.0,0.0,0.0,0.0,0.0,0.0,0.0,29.0,0.32954545454545453,0.0,0.0,0.0,0.0,0.0,0.0,0.0,0.0,0.0,0.0,0.0,0.0,0.0,0.0,0.0,0.0,0.0,0.0,0.0,0.0,0.0,0.0,0.0,0.0,0.0,0.0,0.0,0.0,59.0,29.0,0.0,29.0,0.32954545454545453,0.0,0.32954545454545453,3.0,88.0,29.0,15.0,8.366600265340756,435.0,4.602437541274559,29,1.0,29.0,29.0,29.0,15.0,8.366600265340756,0.034482758620689655,0.7586206896551724,31.0,1.0333333333333334,0.09462365591397849,29.0,29.0,0.32954545454545453,29.0,0.06666666666666667,1.0,1.0,0.0,0.0,0.0,0.0,0.0,0.0,29.0,1.9333333333333333,5.026153819992204,1.0,1.0,1.0,1.0,3.428990497563787,1.0,0.0,1.0,1.0,29.0,29.0,29.0,29.0,29.0,29.0,435.0,435.0,435.0,1.0,15.0,5.8,29.0,1.9333333333333333,5.026153819992204,1.0,1.0,1.0,1.0,1.0,1.0,0.0,1.0,0.0,1.624961717374031,1.5698621629734724,0.0,3.141592653589793,2.0,0.9991421039919088,2.933333333333333,0.9666666666666667,0.9666666666666667,4.48863636973214,3.4339872044851463,3.4011973816621555,Deutsch_Jozsa,Deutsch_Jozsa,0.0,0.0,3.166826358338749,0.20344443711983567,0.0022481141609333828
dj_indep_qiskit_30.qasm,GPU,double,1,1.0000000000000129,0,124.94764359999999,1,1,847.02734375,0.012444304260426035,0.5046009957396373,0.5170453000000634,833.8515625,1.0000000000000129,1.2443797000000814,842.56640625,,,,,,,,,,,,,,,,,,,,,,,,,,,,1.0000000000000129,1.0000000000000129,1,1.0000000000000129,0,0.0,1,1.0,30,29,1,1,29.0,0.32954545454545453,0.0,0.0,0.0,0.0,0.0,0.0,0.0,0.0,0.0,0.0,0.0,0.0,0.0,0.0,0.0,0.0,30.0,0.3409090909090909,0.0,0.0,0.0,0.0,0.0,0.0,0.0,0.0,0.0,0.0,0.0,0.0,0.0,0.0,0.0,0.0,0.0,0.0,29.0,0.32954545454545453,0.0,0.0,0.0,0.0,0.0,0.0,0.0,0.0,0.0,0.0,0.0,0.0,0.0,0.0,0.0,0.0,0.0,0.0,0.0,0.0,0.0,0.0,0.0,0.0,0.0,0.0,0.0,0.0,59.0,29.0,0.0,29.0,0.32954545454545453,0.0,0.32954545454545453,3.0,88.0,29.0,15.0,8.366600265340756,435.0,4.602437541274559,29,1.0,29.0,29.0,29.0,15.0,8.366600265340756,0.034482758620689655,0.7586206896551724,31.0,1.0333333333333334,0.09462365591397849,29.0,29.0,0.32954545454545453,29.0,0.06666666666666667,1.0,1.0,0.0,0.0,0.0,0.0,0.0,0.0,29.0,1.9333333333333333,5.026153819992204,1.0,1.0,1.0,1.0,3.428990497563787,1.0,0.0,1.0,1.0,29.0,29.0,29.0,29.0,29.0,29.0,435.0,435.0,435.0,1.0,15.0,5.8,29.0,1.9333333333333333,5.026153819992204,1.0,1.0,1.0,1.0,1.0,1.0,0.0,1.0,0.0,1.624961717374031,1.5698621629734724,0.0,3.141592653589793,2.0,0.9991421039919088,2.933333333333333,0.9666666666666667,0.9666666666666667,4.48863636973214,3.4339872044851463,3.4011973816621555,Deutsch_Jozsa,Deutsch_Jozsa,1.0,1.0,4.835866293612091,0.40852774394067953,0.012367510347703224
dj_indep_qiskit_30.qasm,GPU,single,1,0.9999983310715133,0,23.175904299999956,1,1,481.5,0.0022755770277027624,0.4201340229723345,0.42240960000003724,467.68359375,0.9999983310715133,0.9117834999999559,476.14453125,,,,,,,,,,,,,,,,,,,,,,,,,,,,0.9999983310715133,0.9999983310715133,1,0.9999983310715133,0,0.0,1,1.0,30,29,1,1,29.0,0.32954545454545453,0.0,0.0,0.0,0.0,0.0,0.0,0.0,0.0,0.0,0.0,0.0,0.0,0.0,0.0,0.0,0.0,30.0,0.3409090909090909,0.0,0.0,0.0,0.0,0.0,0.0,0.0,0.0,0.0,0.0,0.0,0.0,0.0,0.0,0.0,0.0,0.0,0.0,29.0,0.32954545454545453,0.0,0.0,0.0,0.0,0.0,0.0,0.0,0.0,0.0,0.0,0.0,0.0,0.0,0.0,0.0,0.0,0.0,0.0,0.0,0.0,0.0,0.0,0.0,0.0,0.0,0.0,0.0,0.0,59.0,29.0,0.0,29.0,0.32954545454545453,0.0,0.32954545454545453,3.0,88.0,29.0,15.0,8.366600265340756,435.0,4.602437541274559,29,1.0,29.0,29.0,29.0,15.0,8.366600265340756,0.034482758620689655,0.7586206896551724,31.0,1.0333333333333334,0.09462365591397849,29.0,29.0,0.32954545454545453,29.0,0.06666666666666667,1.0,1.0,0.0,0.0,0.0,0.0,0.0,0.0,29.0,1.9333333333333333,5.026153819992204,1.0,1.0,1.0,1.0,3.428990497563787,1.0,0.0,1.0,1.0,29.0,29.0,29.0,29.0,29.0,29.0,435.0,435.0,435.0,1.0,15.0,5.8,29.0,1.9333333333333333,5.026153819992204,1.0,1.0,1.0,1.0,1.0,1.0,0.0,1.0,0.0,1.624961717374031,1.5698621629734724,0.0,3.141592653589793,2.0,0.9991421039919088,2.933333333333333,0.9666666666666667,0.9666666666666667,4.48863636973214,3.4339872044851463,3.4011973816621555,Deutsch_Jozsa,Deutsch_Jozsa,1.0,0.0,3.185356447051336,0.3507512495343167,0.002272991823443063
ghz_indep_qiskit_100.qasm,CPU,double,2,1.0,1,31.991855699999633,2,2,429.50390625,0.003177785388538839,0.21400181461124237,0.2171795999997812,418.078125,0.5000000000000001,0.30128910000030373,426.859375,1.0,0.2988596999998663,426.8046875,,,,,,,,,,,,,,,,,,,,,,,,,0.5000000000000001,1.0,2,0.5000000000000001,1,0.4999999999999999,2,1.0,100,100,1,1,99.0,0.99,0.0,0.0,0.0,0.0,0.0,0.0,0.0,0.0,0.0,0.0,0.0,0.0,0.0,0.0,0.0,0.0,1.0,0.01,0.0,0.0,0.0,0.0,0.0,0.0,0.0,0.0,0.0,0.0,0.0,0.0,0.0,0.0,0.0,0.0,0.0,0.0,0.0,0.0,0.0,0.0,0.0,0.0,0.0,0.0,0.0,0.0,0.0,0.0,0.0,0.0,0.0,0.0,0.0,0.0,0.0,0.0,0.0,0.0,0.0,0.0,0.0,0.0,0.0,0.0,0.0,0.0,1.0,99.0,0.0,0.0,0.99,0.0,0.0,2.0,100.0,1.0,1.0,0.0,99.0,6.62935662007961,99,1.0,1.0,1.0,1.0,1.0,0.0,1.0,0.0,100.0,1.0,0.01,99.0,1.0,0.99,99.0,0.02,1.0,1.0,0.0,0.0,0.0,0.0,0.0,0.0,2.0,1.98,0.13999999999999999,1.0,2.0,2.0,2.0,6.639457630180621,1.0,0.0,1.0,1.0,1.0,1.0,1.0,1.0,1.0,1.0,99.0,99.0,99.0,11.0,9.0,1.0421052631578946,2.0,1.98,0.13999999999999999,1.0,2.0,2.0,2.0,1.0,1.0,1.0,0.0,0.0,0.0,0.0,0.0,0.0,0.0,0.0,1.0,0.99,0.01,4.61512051684126,4.61512051684126,0.6931471805599453,GHZ,GHZ,0.0,1.0,3.4962607340373886,0.19392218737362135,0.003172746899886213
ghz_indep_qiskit_100.qasm,CPU,single,2,0.9999997615814351,1,27.375924699999814,2,2,428.5,0.0027142232023202113,0.23369267679769976,0.23640690000001996,418.0234375,0.4999999828857291,0.30189329999984693,426.70703125,0.9999997615814351,0.281761600000209,427.00390625,,,,,,,,,,,,,,,,,,,,,,,,,0.4999999828857291,0.9999997615814351,2,0.4999999828857291,1,0.499999778695706,2,1.0,100,100,1,1,99.0,0.99,0.0,0.0,0.0,0.0,0.0,0.0,0.0,0.0,0.0,0.0,0.0,0.0,0.0,0.0,0.0,0.0,1.0,0.01,0.0,0.0,0.0,0.0,0.0,0.0,0.0,0.0,0.0,0.0,0.0,0.0,0.0,0.0,0.0,0.0,0.0,0.0,0.0,0.0,0.0,0.0,0.0,0.0,0.0,0.0,0.0,0.0,0.0,0.0,0.0,0.0,0.0,0.0,0.0,0.0,0.0,0.0,0.0,0.0,0.0,0.0,0.0,0.0,0.0,0.0,0.0,0.0,1.0,99.0,0.0,0.0,0.99,0.0,0.0,2.0,100.0,1.0,1.0,0.0,99.0,6.62935662007961,99,1.0,1.0,1.0,1.0,1.0,0.0,1.0,0.0,100.0,1.0,0.01,99.0,1.0,0.99,99.0,0.02,1.0,1.0,0.0,0.0,0.0,0.0,0.0,0.0,2.0,1.98,0.13999999999999999,1.0,2.0,2.0,2.0,6.639457630180621,1.0,0.0,1.0,1.0,1.0,1.0,1.0,1.0,1.0,1.0,99.0,99.0,99.0,11.0,9.0,1.0421052631578946,2.0,1.98,0.13999999999999999,1.0,2.0,2.0,2.0,1.0,1.0,1.0,0.0,0.0,0.0,0.0,0.0,0.0,0.0,0.0,1.0,0.99,0.01,4.61512051684126,4.61512051684126,0.6931471805599453,GHZ,GHZ,0.0,0.0,3.3455410638168206,0.21001184811081605,0.0027105463502197125
ghz_indep_qiskit_100.qasm,GPU,double,2,1.0,1,34.74685490000002,2,2,860.45703125,0.0034459293929393,0.28756097060701735,0.29100689999995666,845.1953125,0.5000000000000001,0.45147390000011,840.36328125,1.0,0.6585814000000028,866.07421875,,,,,,,,,,,,,,,,,,,,,,,,,0.5000000000000001,1.0,2,0.5000000000000001,1,0.4999999999999999,2,1.0,100,100,1,1,99.0,0.99,0.0,0.0,0.0,0.0,0.0,0.0,0.0,0.0,0.0,0.0,0.0,0.0,0.0,0.0,0.0,0.0,1.0,0.01,0.0,0.0,0.0,0.0,0.0,0.0,0.0,0.0,0.0,0.0,0.0,0.0,0.0,0.0,0.0,0.0,0.0,0.0,0.0,0.0,0.0,0.0,0.0,0.0,0.0,0.0,0.0,0.0,0.0,0.0,0.0,0.0,0.0,0.0,0.0,0.0,0.0,0.0,0.0,0.0,0.0,0.0,0.0,0.0,0.0,0.0,0.0,0.0,1.0,99.0,0.0,0.0,0.99,0.0,0.0,2.0,100.0,1.0,1.0,0.0,99.0,6.62935662007961,99,1.0,1.0,1.0,1.0,1.0,0.0,1.0,0.0,100.0,1.0,0.01,99.0,1.0,0.99,99.0,0.02,1.0,1.0,0.0,0.0,0.0,0.0,0.0,0.0,2.0,1.98,0.13999999999999999,1.0,2.0,2.0,2.0,6.639457630180621,1.0,0.0,1.0,1.0,1.0,1.0,1.0,1.0,1.0,1.0,99.0,99.0,99.0,11.0,9.0,1.0421052631578946,2.0,1.98,0.13999999999999999,1.0,2.0,2.0,2.0,1.0,1.0,1.0,0.0,0.0,0.0,0.0,0.0,0.0,0.0,0.0,1.0,0.99,0.01,4.61512051684126,4.61512051684126,0.6931471805599453,GHZ,GHZ,1.0,1.0,3.57646229044483,0.25274970824577875,0.0034400057825768617
ghz_indep_qiskit_100.qasm,GPU,single,2,0.999999880790714,1,28.816308299999946,2,2,492.625,0.0028588577257725907,0.2277310422740409,0.2305898999998135,478.6484375,0.4999999828857291,0.41549350000013874,474.09765625,0.999999880790714,0.5879547999998067,498.4921875,,,,,,,,,,,,,,,,,,,,,,,,,0.4999999828857291,0.999999880790714,2,0.4999999828857291,1,0.4999998979049849,2,1.0,100,100,1,1,99.0,0.99,0.0,0.0,0.0,0.0,0.0,0.0,0.0,0.0,0.0,0.0,0.0,0.0,0.0,0.0,0.0,0.0,1.0,0.01,0.0,0.0,0.0,0.0,0.0,0.0,0.0,0.0,0.0,0.0,0.0,0.0,0.0,0.0,0.0,0.0,0.0,0.0,0.0,0.0,0.0,0.0,0.0,0.0,0.0,0.0,0.0,0.0,0.0,0.0,0.0,0.0,0.0,0.0,0.0,0.0,0.0,0.0,0.0,0.0,0.0,0.0,0.0,0.0,0.0,0.0,0.0,0.0,1.0,99.0,0.0,0.0,0.99,0.0,0.0,2.0,100.0,1.0,1.0,0.0,99.0,6.62935662007961,99,1.0,1.0,1.0,1.0,1.0,0.0,1.0,0.0,100.0,1.0,0.01,99.0,1.0,0.99,99.0,0.02,1.0,1.0,0.0,0.0,0.0,0.0,0.0,0.0,2.0,1.98,0.13999999999999999,1.0,2.0,2.0,2.0,6.639457630180621,1.0,0.0,1.0,1.0,1.0,1.0,1.0,1.0,1.0,1.0,99.0,99.0,99.0,11.0,9.0,1.0421052631578946,2.0,1.98,0.13999999999999999,1.0,2.0,2.0,2.0,1.0,1.0,1.0,0.0,0.0,0.0,0.0,0.0,0.0,0.0,0.0,1.0,0.99,0.01,4.61512051684126,4.61512051684126,0.6931471805599453,GHZ,GHZ,1.0,0.0,3.395055502209357,0.20516778478688175,0.002854778963908549
ghz_indep_qiskit_130.qasm,CPU,double,2,1.0,1,41.90187470000001,2,2,430.04296875,0.004166575787578763,0.2361168242123742,0.24028339999995296,417.84375,0.5000000000000001,0.35236559999975725,426.91796875,1.0,0.32489780000014434,427.23046875,,,,,,,,,,,,,,,,,,,,,,,,,0.5000000000000001,1.0,2,0.5000000000000001,1,0.4999999999999999,2,1.0,130,130,1,1,129.0,0.9923076923076923,0.0,0.0,0.0,0.0,0.0,0.0,0.0,0.0,0.0,0.0,0.0,0.0,0.0,0.0,0.0,0.0,1.0,0.007692307692307693,0.0,0.0,0.0,0.0,0.0,0.0,0.0,0.0,0.0,0.0,0.0,0.0,0.0,0.0,0.0,0.0,0.0,0.0,0.0,0.0,0.0,0.0,0.0,0.0,0.0,0.0,0.0,0.0,0.0,0.0,0.0,0.0,0.0,0.0,0.0,0.0,0.0,0.0,0.0,0.0,0.0,0.0,0.0,0.0,0.0,0.0,0.0,0.0,1.0,129.0,0.0,0.0,0.9923076923076923,0.0,0.0,2.0,130.0,1.0,1.0,0.0,129.0,7.011227255423254,129,1.0,1.0,1.0,1.0,1.0,0.0,1.0,0.0,130.0,1.0,0.007692307692307693,129.0,1.0,0.9923076923076923,129.0,0.015384615384615385,1.0,1.0,0.0,0.0,0.0,0.0,0.0,0.0,2.0,1.9846153846153847,0.12307692307692308,1.0,2.0,2.0,2.0,7.018979193407749,1.0,0.0,1.0,1.0,1.0,1.0,1.0,1.0,1.0,1.0,129.0,129.0,129.0,11.0,17.0,1.0932203389830508,2.0,1.9846153846153847,0.12307692307692308,1.0,2.0,2.0,2.0,1.0,1.0,1.0,0.0,0.0,0.0,0.0,0.0,0.0,0.0,0.0,1.0,0.9923076923076923,0.007692307692307693,4.875197323201151,4.875197323201151,0.6931471805599453,GHZ,GHZ,0.0,1.0,3.758915524279884,0.21197487254013359,0.004157919646663344
ghz_indep_qiskit_130.qasm,CPU,single,2,0.9999997615814351,1,35.55706049999981,2,2,429.60546875,0.003531060356035581,0.2464569396439947,0.2499880000000303,418.04296875,0.4999999828857291,0.3465307000001303,426.92578125,0.9999997615814351,0.33398239999996804,427.51953125,,,,,,,,,,,,,,,,,,,,,,,,,0.4999999828857291,0.9999997615814351,2,0.4999999828857291,1,0.499999778695706,2,1.0,130,130,1,1,129.0,0.9923076923076923,0.0,0.0,0.0,0.0,0.0,0.0,0.0,0.0,0.0,0.0,0.0,0.0,0.0,0.0,0.0,0.0,1.0,0.007692307692307693,0.0,0.0,0.0,0.0,0.0,0.0,0.0,0.0,0.0,0.0,0.0,0.0,0.0,0.0,0.0,0.0,0.0,0.0,0.0,0.0,0.0,0.0,0.0,0.0,0.0,0.0,0.0,0.0,0.0,0.0,0.0,0.0,0.0,0.0,0.0,0.0,0.0,0.0,0.0,0.0,0.0,0.0,0.0,0.0,0.0,0.0,0.0,0.0,1.0,129.0,0.0,0.0,0.9923076923076923,0.0,0.0,2.0,130.0,1.0,1.0,0.0,129.0,7.011227255423254,129,1.0,1.0,1.0,1.0,1.0,0.0,1.0,0.0,130.0,1.0,0.007692307692307693,129.0,1.0,0.9923076923076923,129.0,0.015384615384615385,1.0,1.0,0.0,0.0,0.0,0.0,0.0,0.0,2.0,1.9846153846153847,0.12307692307692308,1.0,2.0,2.0,2.0,7.018979193407749,1.0,0.0,1.0,1.0,1.0,1.0,1.0,1.0,1.0,1.0,129.0,129.0,129.0,11.0,17.0,1.0932203389830508,2.0,1.9846153846153847,0.12307692307692308,1.0,2.0,2.0,2.0,1.0,1.0,1.0,0.0,0.0,0.0,0.0,0.0,0.0,0.0,0.0,1.0,0.9923076923076923,0.007692307692307693,4.875197323201151,4.875197323201151,0.6931471805599453,GHZ,GHZ,0.0,0.0,3.598874341274749,0.2203050783739483,0.0035248407992035206
ghz_indep_qiskit_130.qasm,GPU,double,2,1.0,1,42.411199099999976,2,2,860.41796875,0.004206478407840806,0.34641502159192017,0.350621499999761,845.234375,0.5000000000000001,0.5805135000000519,840.6875,1.0,0.8300029000001814,866.9609375,,,,,,,,,,,,,,,,,,,,,,,,,0.5000000000000001,1.0,2,0.5000000000000001,1,0.4999999999999999,2,1.0,130,130,1,1,129.0,0.9923076923076923,0.0,0.0,0.0,0.0,0.0,0.0,0.0,0.0,0.0,0.0,0.0,0.0,0.0,0.0,0.0,0.0,1.0,0.007692307692307693,0.0,0.0,0.0,0.0,0.0,0.0,0.0,0.0,0.0,0.0,0.0,0.0,0.0,0.0,0.0,0.0,0.0,0.0,0.0,0.0,0.0,0.0,0.0,0.0,0.0,0.0,0.0,0.0,0.0,0.0,0.0,0.0,0.0,0.0,0.0,0.0,0.0,0.0,0.0,0.0,0.0,0.0,0.0,0.0,0.0,0.0,0.0,0.0,1.0,129.0,0.0,0.0,0.9923076923076923,0.0,0.0,2.0,130.0,1.0,1.0,0.0,129.0,7.011227255423254,129,1.0,1.0,1.0,1.0,1.0,0.0,1.0,0.0,130.0,1.0,0.007692307692307693,129.0,1.0,0.9923076923076923,129.0,0.015384615384615385,1.0,1.0,0.0,0.0,0.0,0.0,0.0,0.0,2.0,1.9846153846153847,0.12307692307692308,1.0,2.0,2.0,2.0,7.018979193407749,1.0,0.0,1.0,1.0,1.0,1.0,1.0,1.0,1.0,1.0,129.0,129.0,129.0,11.0,17.0,1.0932203389830508,2.0,1.9846153846153847,0.12307692307692308,1.0,2.0,2.0,2.0,1.0,1.0,1.0,0.0,0.0,0.0,0.0,0.0,0.0,0.0,0.0,1.0,0.9923076923076923,0.007692307692307693,4.875197323201151,4.875197323201151,0.6931471805599453,GHZ,GHZ,1.0,1.0,3.7707174515975908,0.29744552068896596,0.004197655909987469
ghz_indep_qiskit_130.qasm,GPU,single,2,0.999999880790714,1,35.91593550000016,2,2,494.92578125,0.0035629942094209544,0.2859934057906167,0.2895564000000377,478.49609375,0.4999999828857291,0.5171804999999949,474.17578125,0.999999880790714,0.7437592999999652,499.60546875,,,,,,,,,,,,,,,,,,,,,,,,,0.4999999828857291,0.999999880790714,2,0.4999999828857291,1,0.4999998979049849,2,1.0,130,130,1,1,129.0,0.9923076923076923,0.0,0.0,0.0,0.0,0.0,0.0,0.0,0.0,0.0,0.0,0.0,0.0,0.0,0.0,0.0,0.0,1.0,0.007692307692307693,0.0,0.0,0.0,0.0,0.0,0.0,0.0,0.0,0.0,0.0,0.0,0.0,0.0,0.0,0.0,0.0,0.0,0.0,0.0,0.0,0.0,0.0,0.0,0.0,0.0,0.0,0.0,0.0,0.0,0.0,0.0,0.0,0.0,0.0,0.0,0.0,0.0,0.0,0.0,0.0,0.0,0.0,0.0,0.0,0.0,0.0,0.0,0.0,1.0,129.0,0.0,0.0,0.9923076923076923,0.0,0.0,2.0,130.0,1.0,1.0,0.0,129.0,7.011227255423254,129,1.0,1.0,1.0,1.0,1.0,0.0,1.0,0.0,130.0,1.0,0.007692307692307693,129.0,1.0,0.9923076923076923,129.0,0.015384615384615385,1.0,1.0,0.0,0.0,0.0,0.0,0.0,0.0,2.0,1.9846153846153847,0.12307692307692308,1.0,2.0,2.0,2.0,7.018979193407749,1.0,0.0,1.0,1.0,1.0,1.0,1.0,1.0,1.0,1.0,129.0,129.0,129.0,11.0,17.0,1.0932203389830508,2.0,1.9846153846153847,0.12307692307692308,1.0,2.0,2.0,2.0,1.0,1.0,1.0,0.0,0.0,0.0,0.0,0.0,0.0,0.0,0.0,1.0,0.9923076923076923,0.007692307692307693,4.875197323201151,4.875197323201151,0.6931471805599453,GHZ,GHZ,1.0,0.0,3.6086433141919265,0.25153149811224734,0.0035566617826949813
ghz_indep_qiskit_15.qasm,CPU,double,2,1.0,1,4.587869800000135,2,2,426.21484375,0.000435745764576464,0.23041215423549513,0.2308479000000716,417.38671875,0.5000000000000001,0.22089669999991202,426.0546875,1.0,0.2496398999999201,425.97265625,,,,,,,,,,,,,,,,,,,,,,,,,0.5000000000000001,1.0,2,0.5000000000000001,1,0.4999999999999999,2,1.0,15,15,1,1,14.0,0.9333333333333333,0.0,0.0,0.0,0.0,0.0,0.0,0.0,0.0,0.0,0.0,0.0,0.0,0.0,0.0,0.0,0.0,1.0,0.06666666666666667,0.0,0.0,0.0,0.0,0.0,0.0,0.0,0.0,0.0,0.0,0.0,0.0,0.0,0.0,0.0,0.0,0.0,0.0,0.0,0.0,0.0,0.0,0.0,0.0,0.0,0.0,0.0,0.0,0.0,0.0,0.0,0.0,0.0,0.0,0.0,0.0,0.0,0.0,0.0,0.0,0.0,0.0,0.0,0.0,0.0,0.0,0.0,0.0,1.0,14.0,0.0,0.0,0.9333333333333333,0.0,0.0,2.0,15.0,1.0,1.0,0.0,14.0,3.8073549220576055,14,1.0,1.0,1.0,1.0,1.0,0.0,1.0,0.0,15.0,1.0,0.06666666666666667,14.0,1.0,0.9333333333333333,14.0,0.13333333333333333,1.0,1.0,0.0,0.0,0.0,0.0,0.0,0.0,2.0,1.8666666666666667,0.33993463423951903,1.0,2.0,2.0,2.0,3.878783493486177,1.0,0.0,1.0,1.0,1.0,1.0,1.0,1.0,1.0,1.0,14.0,14.0,14.0,1.0,1.0,1.0,2.0,1.8666666666666667,0.33993463423951903,1.0,2.0,2.0,2.0,1.0,1.0,1.0,0.0,0.0,0.0,0.0,0.0,0.0,0.0,0.0,1.0,0.9333333333333333,0.06666666666666667,2.772588722239781,2.772588722239781,0.6931471805599453,GHZ,GHZ,0.0,1.0,1.7205981411948739,0.20734919800027635,0.0004356508549607653
ghz_indep_qiskit_15.qasm,CPU,single,2,0.9999997615814351,1,4.049046599999883,2,2,426.08203125,0.0003836093209320905,0.2129533906789783,0.2133369999999104,417.48046875,0.4999999828857291,0.22806790000004185,425.93359375,0.9999997615814351,0.22837039999990338,426.2734375,,,,,,,,,,,,,,,,,,,,,,,,,0.4999999828857291,0.9999997615814351,2,0.4999999828857291,1,0.499999778695706,2,1.0,15,15,1,1,14.0,0.9333333333333333,0.0,0.0,0.0,0.0,0.0,0.0,0.0,0.0,0.0,0.0,0.0,0.0,0.0,0.0,0.0,0.0,1.0,0.06666666666666667,0.0,0.0,0.0,0.0,0.0,0.0,0.0,0.0,0.0,0.0,0.0,0.0,0.0,0.0,0.0,0.0,0.0,0.0,0.0,0.0,0.0,0.0,0.0,0.0,0.0,0.0,0.0,0.0,0.0,0.0,0.0,0.0,0.0,0.0,0.0,0.0,0.0,0.0,0.0,0.0,0.0,0.0,0.0,0.0,0.0,0.0,0.0,0.0,1.0,14.0,0.0,0.0,0.9333333333333333,0.0,0.0,2.0,15.0,1.0,1.0,0.0,14.0,3.8073549220576055,14,1.0,1.0,1.0,1.0,1.0,0.0,1.0,0.0,15.0,1.0,0.06666666666666667,14.0,1.0,0.9333333333333333,14.0,0.13333333333333333,1.0,1.0,0.0,0.0,0.0,0.0,0.0,0.0,2.0,1.8666666666666667,0.33993463423951903,1.0,2.0,2.0,2.0,3.878783493486177,1.0,0.0,1.0,1.0,1.0,1.0,1.0,1.0,1.0,1.0,14.0,14.0,14.0,1.0,1.0,1.0,2.0,1.8666666666666667,0.33993463423951903,1.0,2.0,2.0,2.0,1.0,1.0,1.0,0.0,0.0,0.0,0.0,0.0,0.0,0.0,0.0,1.0,0.9333333333333333,0.06666666666666667,2.772588722239781,2.772588722239781,0.6931471805599453,GHZ,GHZ,0.0,0.0,1.6191994333845696,0.1930582043918205,0.00038353576168794406
ghz_indep_qiskit_15.qasm,GPU,double,2,1.0,1,4.6660391999998865,2,2,857.19921875,0.00044466877687768247,0.21935143122306186,0.21979609999993954,844.375,0.5000000000000001,0.5587884000001395,839.56640625,1.0,0.25336620000007315,865.02734375,,,,,,,,,,,,,,,,,,,,,,,,,0.5000000000000001,1.0,2,0.5000000000000001,1,0.4999999999999999,2,1.0,15,15,1,1,14.0,0.9333333333333333,0.0,0.0,0.0,0.0,0.0,0.0,0.0,0.0,0.0,0.0,0.0,0.0,0.0,0.0,0.0,0.0,1.0,0.06666666666666667,0.0,0.0,0.0,0.0,0.0,0.0,0.0,0.0,0.0,0.0,0.0,0.0,0.0,0.0,0.0,0.0,0.0,0.0,0.0,0.0,0.0,0.0,0.0,0.0,0.0,0.0,0.0,0.0,0.0,0.0,0.0,0.0,0.0,0.0,0.0,0.0,0.0,0.0,0.0,0.0,0.0,0.0,0.0,0.0,0.0,0.0,0.0,0.0,1.0,14.0,0.0,0.0,0.9333333333333333,0.0,0.0,2.0,15.0,1.0,1.0,0.0,14.0,3.8073549220576055,14,1.0,1.0,1.0,1.0,1.0,0.0,1.0,0.0,15.0,1.0,0.06666666666666667,14.0,1.0,0.9333333333333333,14.0,0.13333333333333333,1.0,1.0,0.0,0.0,0.0,0.0,0.0,0.0,2.0,1.8666666666666667,0.33993463423951903,1.0,2.0,2.0,2.0,3.878783493486177,1.0,0.0,1.0,1.0,1.0,1.0,1.0,1.0,1.0,1.0,14.0,14.0,14.0,1.0,1.0,1.0,2.0,1.8666666666666667,0.33993463423951903,1.0,2.0,2.0,2.0,1.0,1.0,1.0,0.0,0.0,0.0,0.0,0.0,0.0,0.0,0.0,1.0,0.9333333333333333,0.06666666666666667,2.772588722239781,2.772588722239781,0.6931471805599453,GHZ,GHZ,1.0,1.0,1.7344903198453676,0.1983191036368858,0.00044456994101551336
ghz_indep_qiskit_15.qasm,GPU,single,2,0.999999880790714,1,4.037961699999869,2,2,489.56640625,0.0003804651365136406,0.23331033486346303,0.23369079999997666,477.91796875,0.4999999828857291,0.2359956999998758,473.03125,0.999999880790714,0.2162705000000642,497.37109375,,,,,,,,,,,,,,,,,,,,,,,,,0.4999999828857291,0.999999880790714,2,0.4999999828857291,1,0.4999998979049849,2,1.0,15,15,1,1,14.0,0.9333333333333333,0.0,0.0,0.0,0.0,0.0,0.0,0.0,0.0,0.0,0.0,0.0,0.0,0.0,0.0,0.0,0.0,1.0,0.06666666666666667,0.0,0.0,0.0,0.0,0.0,0.0,0.0,0.0,0.0,0.0,0.0,0.0,0.0,0.0,0.0,0.0,0.0,0.0,0.0,0.0,0.0,0.0,0.0,0.0,0.0,0.0,0.0,0.0,0.0,0.0,0.0,0.0,0.0,0.0,0.0,0.0,0.0,0.0,0.0,0.0,0.0,0.0,0.0,0.0,0.0,0.0,0.0,0.0,1.0,14.0,0.0,0.0,0.9333333333333333,0.0,0.0,2.0,15.0,1.0,1.0,0.0,14.0,3.8073549220576055,14,1.0,1.0,1.0,1.0,1.0,0.0,1.0,0.0,15.0,1.0,0.06666666666666667,14.0,1.0,0.9333333333333333,14.0,0.13333333333333333,1.0,1.0,0.0,0.0,0.0,0.0,0.0,0.0,2.0,1.8666666666666667,0.33993463423951903,1.0,2.0,2.0,2.0,3.878783493486177,1.0,0.0,1.0,1.0,1.0,1.0,1.0,1.0,1.0,1.0,14.0,14.0,14.0,1.0,1.0,1.0,2.0,1.8666666666666667,0.33993463423951903,1.0,2.0,2.0,2.0,1.0,1.0,1.0,0.0,0.0,0.0,0.0,0.0,0.0,0.0,0.0,1.0,0.9333333333333333,0.06666666666666667,2.772588722239781,2.772588722239781,0.6931471805599453,GHZ,GHZ,1.0,0.0,1.6170015756783909,0.20970188340020104,0.0003803927780062672
ghz_indep_qiskit_30.qasm,CPU,double,2,1.0,1,9.886934099999962,2,2,427.03125,0.0009637201520151905,0.2497325798480572,0.25069630000007237,418.73828125,0.5000000000000001,0.26400630000011915,426.15625,1.0,0.2411455000001297,426.41796875,,,,,,,,,,,,,,,,,,,,,,,,,0.5000000000000001,1.0,2,0.5000000000000001,1,0.4999999999999999,2,1.0,30,30,1,1,29.0,0.9666666666666667,0.0,0.0,0.0,0.0,0.0,0.0,0.0,0.0,0.0,0.0,0.0,0.0,0.0,0.0,0.0,0.0,1.0,0.03333333333333333,0.0,0.0,0.0,0.0,0.0,0.0,0.0,0.0,0.0,0.0,0.0,0.0,0.0,0.0,0.0,0.0,0.0,0.0,0.0,0.0,0.0,0.0,0.0,0.0,0.0,0.0,0.0,0.0,0.0,0.0,0.0,0.0,0.0,0.0,0.0,0.0,0.0,0.0,0.0,0.0,0.0,0.0,0.0,0.0,0.0,0.0,0.0,0.0,1.0,29.0,0.0,0.0,0.9666666666666667,0.0,0.0,2.0,30.0,1.0,1.0,0.0,29.0,4.85798099512757,29,1.0,1.0,1.0,1.0,1.0,0.0,1.0,0.0,30.0,1.0,0.03333333333333333,29.0,1.0,0.9666666666666667,29.0,0.06666666666666667,1.0,1.0,0.0,0.0,0.0,0.0,0.0,0.0,2.0,1.9333333333333333,0.24944382578492943,1.0,2.0,2.0,2.0,4.89246375374826,1.0,0.0,1.0,1.0,1.0,1.0,1.0,1.0,1.0,1.0,29.0,29.0,29.0,5.0,1.0,1.0,2.0,1.9333333333333333,0.24944382578492943,1.0,2.0,2.0,2.0,1.0,1.0,1.0,0.0,0.0,0.0,0.0,0.0,0.0,0.0,0.0,1.0,0.9666666666666667,0.03333333333333333,3.4339872044851463,3.4339872044851463,0.6931471805599453,GHZ,GHZ,0.0,1.0,2.387563363789877,0.22292959230505907,0.0009632560718878046
ghz_indep_qiskit_30.qasm,CPU,single,2,0.9999997615814351,1,8.152040200000101,2,2,426.84375,0.0007915754475447636,0.23628572455246516,0.23707730000000993,417.4140625,0.4999999828857291,0.23440049999999246,426.375,0.9999997615814351,0.31930850000003375,426.43359375,,,,,,,,,,,,,,,,,,,,,,,,,0.4999999828857291,0.9999997615814351,2,0.4999999828857291,1,0.499999778695706,2,1.0,30,30,1,1,29.0,0.9666666666666667,0.0,0.0,0.0,0.0,0.0,0.0,0.0,0.0,0.0,0.0,0.0,0.0,0.0,0.0,0.0,0.0,1.0,0.03333333333333333,0.0,0.0,0.0,0.0,0.0,0.0,0.0,0.0,0.0,0.0,0.0,0.0,0.0,0.0,0.0,0.0,0.0,0.0,0.0,0.0,0.0,0.0,0.0,0.0,0.0,0.0,0.0,0.0,0.0,0.0,0.0,0.0,0.0,0.0,0.0,0.0,0.0,0.0,0.0,0.0,0.0,0.0,0.0,0.0,0.0,0.0,0.0,0.0,1.0,29.0,0.0,0.0,0.9666666666666667,0.0,0.0,2.0,30.0,1.0,1.0,0.0,29.0,4.85798099512757,29,1.0,1.0,1.0,1.0,1.0,0.0,1.0,0.0,30.0,1.0,0.03333333333333333,29.0,1.0,0.9666666666666667,29.0,0.06666666666666667,1.0,1.0,0.0,0.0,0.0,0.0,0.0,0.0,2.0,1.9333333333333333,0.24944382578492943,1.0,2.0,2.0,2.0,4.89246375374826,1.0,0.0,1.0,1.0,1.0,1.0,1.0,1.0,1.0,1.0,29.0,29.0,29.0,5.0,1.0,1.0,2.0,1.9333333333333333,0.24944382578492943,1.0,2.0,2.0,2.0,1.0,1.0,1.0,0.0,0.0,0.0,0.0,0.0,0.0,0.0,0.0,1.0,0.9666666666666667,0.03333333333333333,3.4339872044851463,3.4339872044851463,0.6931471805599453,GHZ,GHZ,0.0,0.0,2.2139768271103235,0.21211150105189278,0.0007912623169336259
ghz_indep_qiskit_30.qasm,GPU,double,2,1.0,1,9.580995499999972,2,2,857.734375,0.0009356569956995492,0.2244255430044799,0.22536120000017945,844.7421875,0.5000000000000001,0.22918640000011692,840.55078125,1.0,0.31886039999994864,864.80859375,,,,,,,,,,,,,,,,,,,,,,,,,0.5000000000000001,1.0,2,0.5000000000000001,1,0.4999999999999999,2,1.0,30,30,1,1,29.0,0.9666666666666667,0.0,0.0,0.0,0.0,0.0,0.0,0.0,0.0,0.0,0.0,0.0,0.0,0.0,0.0,0.0,0.0,1.0,0.03333333333333333,0.0,0.0,0.0,0.0,0.0,0.0,0.0,0.0,0.0,0.0,0.0,0.0,0.0,0.0,0.0,0.0,0.0,0.0,0.0,0.0,0.0,0.0,0.0,0.0,0.0,0.0,0.0,0.0,0.0,0.0,0.0,0.0,0.0,0.0,0.0,0.0,0.0,0.0,0.0,0.0,0.0,0.0,0.0,0.0,0.0,0.0,0.0,0.0,1.0,29.0,0.0,0.0,0.9666666666666667,0.0,0.0,2.0,30.0,1.0,1.0,0.0,29.0,4.85798099512757,29,1.0,1.0,1.0,1.0,1.0,0.0,1.0,0.0,30.0,1.0,0.03333333333333333,29.0,1.0,0.9666666666666667,29.0,0.06666666666666667,1.0,1.0,0.0,0.0,0.0,0.0,0.0,0.0,2.0,1.9333333333333333,0.24944382578492943,1.0,2.0,2.0,2.0,4.89246375374826,1.0,0.0,1.0,1.0,1.0,1.0,1.0,1.0,1.0,1.0,29.0,29.0,29.0,5.0,1.0,1.0,2.0,1.9333333333333333,0.24944382578492943,1.0,2.0,2.0,2.0,1.0,1.0,1.0,0.0,0.0,0.0,0.0,0.0,0.0,0.0,0.0,1.0,0.9666666666666667,0.03333333333333333,3.4339872044851463,3.4339872044851463,0.6931471805599453,GHZ,GHZ,1.0,1.0,2.3590595146313165,0.20247178952169878,0.0009352195415428443
ghz_indep_qiskit_30.qasm,GPU,single,2,0.999999880790714,1,8.169279399999823,2,2,491.2734375,0.0007944706970696966,0.22457242930285662,0.22536689999992632,477.890625,0.4999999828857291,0.23342189999993934,473.671875,0.999999880790714,0.23885930000005828,497.52734375,,,,,,,,,,,,,,,,,,,,,,,,,0.4999999828857291,0.999999880790714,2,0.4999999828857291,1,0.4999998979049849,2,1.0,30,30,1,1,29.0,0.9666666666666667,0.0,0.0,0.0,0.0,0.0,0.0,0.0,0.0,0.0,0.0,0.0,0.0,0.0,0.0,0.0,0.0,1.0,0.03333333333333333,0.0,0.0,0.0,0.0,0.0,0.0,0.0,0.0,0.0,0.0,0.0,0.0,0.0,0.0,0.0,0.0,0.0,0.0,0.0,0.0,0.0,0.0,0.0,0.0,0.0,0.0,0.0,0.0,0.0,0.0,0.0,0.0,0.0,0.0,0.0,0.0,0.0,0.0,0.0,0.0,0.0,0.0,0.0,0.0,0.0,0.0,0.0,0.0,1.0,29.0,0.0,0.0,0.9666666666666667,0.0,0.0,2.0,30.0,1.0,1.0,0.0,29.0,4.85798099512757,29,1.0,1.0,1.0,1.0,1.0,0.0,1.0,0.0,30.0,1.0,0.03333333333333333,29.0,1.0,0.9666666666666667,29.0,0.06666666666666667,1.0,1.0,0.0,0.0,0.0,0.0,0.0,0.0,2.0,1.9333333333333333,0.24944382578492943,1.0,2.0,2.0,2.0,4.89246375374826,1.0,0.0,1.0,1.0,1.0,1.0,1.0,1.0,1.0,1.0,29.0,29.0,29.0,5.0,1.0,1.0,2.0,1.9333333333333333,0.24944382578492943,1.0,2.0,2.0,2.0,1.0,1.0,1.0,0.0,0.0,0.0,0.0,0.0,0.0,0.0,0.0,1.0,0.9666666666666667,0.03333333333333333,3.4339872044851463,3.4339872044851463,0.6931471805599453,GHZ,GHZ,1.0,0.0,2.215858700846904,0.2025917457652023,0.0007941552722782254
graphstate_indep_qiskit_15.qasm,CPU,single,4,0.9999989271166818,2,6.154954899999893,4,8592,432.2734375,0.0005932517151715073,0.22243774828482027,0.22303099999999176,417.51953125,0.0039062476716939104,0.28682469999989735,426.11328125,0.0163267891663601,0.24985560000004625,426.125,0.9999989271166818,0.3174455000000762,426.6171875,,,,,,,0.9999991655351472,2.583632599998964,426.421875,0.9999991655351472,0.9168368999962695,426.29296875,0.9999991655351472,0.9103583999967668,426.1953125,0.9999991655351472,0.892966699997487,425.90625,0.9999991655351472,0.6811697000011918,425.82421875,0.0039062476716939104,0.9999991655351472,8,0.0039062476716939104,2,0.9836721379503217,4,1.0,15,15,1,1,0.0,0.0,15.0,0.5,0.0,0.0,0.0,0.0,0.0,0.0,0.0,0.0,0.0,0.0,0.0,0.0,0.0,0.0,15.0,0.5,0.0,0.0,0.0,0.0,0.0,0.0,0.0,0.0,0.0,0.0,0.0,0.0,0.0,0.0,0.0,0.0,0.0,0.0,0.0,0.0,0.0,0.0,0.0,0.0,0.0,0.0,0.0,0.0,0.0,0.0,0.0,0.0,0.0,0.0,0.0,0.0,0.0,0.0,0.0,0.0,0.0,0.0,0.0,0.0,0.0,0.0,0.0,0.0,15.0,15.0,0.0,0.0,0.5,0.0,0.0,2.0,30.0,6.0,3.857142857142857,1.406979685970872,54.0,3.7080481500712317,14,1.0,6.0,6.0,11.0,3.6,3.479463560186637,0.4666666666666667,0.3333333333333333,9.0,0.6,0.2222222222222222,15.0,10.0,0.5,15.0,0.14285714285714285,2.0,0.7333333333333333,0.0,0.0,0.0,0.0,0.0,0.0,2.0,2.0,0.0,2.0,2.0,2.0,2.0,3.906890595608518,2.0,0.0,2.0,2.0,11.0,6.0,6.0,6.0,2.0,2.0,54.0,26.0,26.0,2.0,2.0,1.0714285714285714,2.0,2.0,0.0,2.0,2.0,2.0,2.0,1.0,1.0,0.0,0.0,0.0,0.0,0.0,0.0,0.0,0.0,0.0,2.0,1.0,0.4,3.4339872044851463,2.772588722239781,1.9459101490553132,GraphState,GraphState,0.0,0.0,1.9678051097041172,0.20084701942193012,0.0005930758109396169
graphstate_indep_qiskit_15.qasm,GPU,double,4,1.0000000000000027,2,17.49349589999997,4,8635,873.40625,0.0017283135913591324,0.21035998640864575,0.2120883000000049,863.23828125,0.003906249999999988,0.5877273999999488,843.078125,0.01924246938569833,0.654055999999855,872.04296875,1.0000000000000027,0.6558356999998978,871.890625,,,,,,,,,,,,,,,,,,,,,,0.003906249999999988,1.0000000000000027,3,0.003906249999999988,2,0.9807575306143044,4,1.0,15,15,1,1,0.0,0.0,15.0,0.5,0.0,0.0,0.0,0.0,0.0,0.0,0.0,0.0,0.0,0.0,0.0,0.0,0.0,0.0,15.0,0.5,0.0,0.0,0.0,0.0,0.0,0.0,0.0,0.0,0.0,0.0,0.0,0.0,0.0,0.0,0.0,0.0,0.0,0.0,0.0,0.0,0.0,0.0,0.0,0.0,0.0,0.0,0.0,0.0,0.0,0.0,0.0,0.0,0.0,0.0,0.0,0.0,0.0,0.0,0.0,0.0,0.0,0.0,0.0,0.0,0.0,0.0,0.0,0.0,15.0,15.0,0.0,0.0,0.5,0.0,0.0,2.0,30.0,6.0,3.857142857142857,1.406979685970872,54.0,3.7080481500712317,14,1.0,6.0,6.0,11.0,3.6,3.479463560186637,0.4666666666666667,0.3333333333333333,9.0,0.6,0.2222222222222222,15.0,10.0,0.5,15.0,0.14285714285714285,2.0,0.7333333333333333,0.0,0.0,0.0,0.0,0.0,0.0,2.0,2.0,0.0,2.0,2.0,2.0,2.0,3.906890595608518,2.0,0.0,2.0,2.0,11.0,6.0,6.0,6.0,2.0,2.0,54.0,26.0,26.0,2.0,2.0,1.0714285714285714,2.0,2.0,0.0,2.0,2.0,2.0,2.0,1.0,1.0,0.0,0.0,0.0,0.0,0.0,0.0,0.0,0.0,0.0,2.0,1.0,0.4,3.4339872044851463,2.772588722239781,1.9459101490553132,GraphState,GraphState,1.0,1.0,2.917419097295038,0.19091782479012825,0.001726821776059863
graphstate_indep_qiskit_15.qasm,GPU,single,4,0.9999997615814351,2,6.3882796999998845,4,8598,508.890625,0.0006160074907490639,0.228204792509245,0.22882079999999405,496.98046875,0.003906249068677481,0.26513370000020586,476.25390625,0.010011519230801513,0.3896919999999682,505.21484375,0.9999997615814351,0.3196864000001369,505.09375,,,,,,,,,,,,,,,,,,,,,,0.003906249068677481,0.9999997615814351,3,0.003906249068677481,2,0.9899882423506337,4,1.0,15,15,1,1,0.0,0.0,15.0,0.5,0.0,0.0,0.0,0.0,0.0,0.0,0.0,0.0,0.0,0.0,0.0,0.0,0.0,0.0,15.0,0.5,0.0,0.0,0.0,0.0,0.0,0.0,0.0,0.0,0.0,0.0,0.0,0.0,0.0,0.0,0.0,0.0,0.0,0.0,0.0,0.0,0.0,0.0,0.0,0.0,0.0,0.0,0.0,0.0,0.0,0.0,0.0,0.0,0.0,0.0,0.0,0.0,0.0,0.0,0.0,0.0,0.0,0.0,0.0,0.0,0.0,0.0,0.0,0.0,15.0,15.0,0.0,0.0,0.5,0.0,0.0,2.0,30.0,6.0,3.857142857142857,1.406979685970872,54.0,3.7080481500712317,14,1.0,6.0,6.0,11.0,3.6,3.479463560186637,0.4666666666666667,0.3333333333333333,9.0,0.6,0.2222222222222222,15.0,10.0,0.5,15.0,0.14285714285714285,2.0,0.7333333333333333,0.0,0.0,0.0,0.0,0.0,0.0,2.0,2.0,0.0,2.0,2.0,2.0,2.0,3.906890595608518,2.0,0.0,2.0,2.0,11.0,6.0,6.0,6.0,2.0,2.0,54.0,26.0,26.0,2.0,2.0,1.0714285714285714,2.0,2.0,0.0,2.0,2.0,2.0,2.0,1.0,1.0,0.0,0.0,0.0,0.0,0.0,0.0,0.0,0.0,0.0,2.0,1.0,0.4,3.4339872044851463,2.772588722239781,1.9459101490553132,GraphState,GraphState,1.0,0.0,1.999894920310123,0.20555358496485915,0.0006158178360165615
groundstate_large_indep_qiskit_14.qasm,CPU,double,8,1.000000000002697,3,24.401681600000302,8,2637,426.4375,0.002418846324632499,0.21321835367531397,0.21563719999994646,418.015625,9.524719721463185e-05,0.21745710000004692,426.53515625,7.90860803114369e-05,0.2524948000000222,426.94921875,0.2608022475093844,0.2792144999998527,426.96875,1.000000000002697,0.3240049999999428,426.66796875,,,,,,,,,,,,,,,,,,,7.90860803114369e-05,1.000000000002697,4,9.524719721463185e-05,3,0.7391977524933125,8,1.0,14,14,1,1,0.0,0.0,182.0,0.8125,0.0,0.0,0.0,0.0,0.0,0.0,0.0,0.0,0.0,0.0,0.0,0.0,0.0,0.0,0.0,0.0,0.0,0.0,0.0,0.0,0.0,0.0,0.0,0.0,0.0,0.0,0.0,0.0,0.0,0.0,0.0,0.0,0.0,0.0,42.0,0.1875,0.0,0.0,0.0,0.0,0.0,0.0,0.0,0.0,0.0,0.0,0.0,0.0,0.0,0.0,0.0,0.0,0.0,0.0,0.0,0.0,0.0,0.0,0.0,0.0,0.0,0.0,0.0,0.0,42.0,182.0,0.0,42.0,0.8125,0.0,0.1875,2.0,224.0,98.0,70.0,24.819347291981714,910.0,3.5978153652498435,13,1.0,49.0,98.0,13.0,5.0,3.1622776601683795,0.14285714285714285,0.6043956043956044,42.0,3.0,0.38095238095238093,182.0,39.0,0.8125,91.0,1.0,1.0,1.0,1.0,0.0,0.0,0.0,0.0,0.0,13.0,13.0,0.0,13.0,13.0,13.0,13.0,3.8073549220576055,13.0,0.0,13.0,13.0,13.0,13.0,13.0,49.0,49.0,49.0,455.0,455.0,455.0,7.0,49.0,7.0,26.0,26.0,0.0,26.0,26.0,26.0,26.0,2.0,2.0,0.0,1.0,1.0,0.8043379898729448,1.0469949343984182,0.0,3.0789369697813296,43.0,2.8869745664578796,16.0,13.0,7.0,5.41610040220442,2.70805020110221,4.59511985013459,Ground_State,Ground_State,0.0,1.0,3.234815376557476,0.1932766250357882,0.002415925624729418
groundstate_large_indep_qiskit_14.qasm,CPU,single,8,0.9997676746156348,3,8.345107699999971,8,2666,425.87890625,0.0008119041004100417,0.22606669589955358,0.22687859999996363,417.9296875,2.6823025969599234e-05,0.23310459999993327,426.29296875,1.5004119318596843e-08,0.23406960000011168,426.921875,0.26047852679235733,0.2508810999997877,426.90625,0.9997676746156348,0.3294655999998213,427.1640625,,,,,,,,,,,,,,,,,,,1.5004119318596843e-08,0.9997676746156348,4,2.6823025969599234e-05,3,0.7392891478232775,8,1.0,14,14,1,1,0.0,0.0,182.0,0.8125,0.0,0.0,0.0,0.0,0.0,0.0,0.0,0.0,0.0,0.0,0.0,0.0,0.0,0.0,0.0,0.0,0.0,0.0,0.0,0.0,0.0,0.0,0.0,0.0,0.0,0.0,0.0,0.0,0.0,0.0,0.0,0.0,0.0,0.0,42.0,0.1875,0.0,0.0,0.0,0.0,0.0,0.0,0.0,0.0,0.0,0.0,0.0,0.0,0.0,0.0,0.0,0.0,0.0,0.0,0.0,0.0,0.0,0.0,0.0,0.0,0.0,0.0,0.0,0.0,42.0,182.0,0.0,42.0,0.8125,0.0,0.1875,2.0,224.0,98.0,70.0,24.819347291981714,910.0,3.5978153652498435,13,1.0,49.0,98.0,13.0,5.0,3.1622776601683795,0.14285714285714285,0.6043956043956044,42.0,3.0,0.38095238095238093,182.0,39.0,0.8125,91.0,1.0,1.0,1.0,1.0,0.0,0.0,0.0,0.0,0.0,13.0,13.0,0.0,13.0,13.0,13.0,13.0,3.8073549220576055,13.0,0.0,13.0,13.0,13.0,13.0,13.0,49.0,49.0,49.0,455.0,455.0,455.0,7.0,49.0,7.0,26.0,26.0,0.0,26.0,26.0,26.0,26.0,2.0,2.0,0.0,1.0,1.0,0.8043379898729448,1.0469949343984182,0.0,3.0789369697813296,43.0,2.8869745664578796,16.0,13.0,7.0,5.41610040220442,2.70805020110221,4.59511985013459,Ground_State,Ground_State,0.0,0.0,2.234852965720727,0.20381123725745368,0.000811574684566568
groundstate_large_indep_qiskit_14.qasm,GPU,double,8,1.0000000000002176,3,28.208706599999914,8,2659,876.78515625,0.0024798578357835754,3.4101282421641597,3.412608099999943,864.75390625,9.524719721463197e-05,1.9326492999998663,843.35546875,7.908607025570582e-05,2.6570323000000826,873.69140625,0.2608015221029334,3.3750428999996984,873.84765625,1.0000000000002176,4.343730300000061,874.140625,,,,,,,,,,,,,,,,,,,7.908607025570582e-05,1.0000000000002176,4,9.524719721463197e-05,3,0.7391984778972842,8,1.0,14,14,1,1,0.0,0.0,182.0,0.8125,0.0,0.0,0.0,0.0,0.0,0.0,0.0,0.0,0.0,0.0,0.0,0.0,0.0,0.0,0.0,0.0,0.0,0.0,0.0,0.0,0.0,0.0,0.0,0.0,0.0,0.0,0.0,0.0,0.0,0.0,0.0,0.0,0.0,0.0,42.0,0.1875,0.0,0.0,0.0,0.0,0.0,0.0,0.0,0.0,0.0,0.0,0.0,0.0,0.0,0.0,0.0,0.0,0.0,0.0,0.0,0.0,0.0,0.0,0.0,0.0,0.0,0.0,0.0,0.0,42.0,182.0,0.0,42.0,0.8125,0.0,0.1875,2.0,224.0,98.0,70.0,24.819347291981714,910.0,3.5978153652498435,13,1.0,49.0,98.0,13.0,5.0,3.1622776601683795,0.14285714285714285,0.6043956043956044,42.0,3.0,0.38095238095238093,182.0,39.0,0.8125,91.0,1.0,1.0,1.0,1.0,0.0,0.0,0.0,0.0,0.0,13.0,13.0,0.0,13.0,13.0,13.0,13.0,3.8073549220576055,13.0,0.0,13.0,13.0,13.0,13.0,13.0,49.0,49.0,49.0,455.0,455.0,455.0,7.0,49.0,7.0,26.0,26.0,0.0,26.0,26.0,26.0,26.0,2.0,2.0,0.0,1.0,1.0,0.8043379898729448,1.0469949343984182,0.0,3.0789369697813296,43.0,2.8869745664578796,16.0,13.0,7.0,5.41610040220442,2.70805020110221,4.59511985013459,Ground_State,Ground_State,1.0,1.0,3.3744668360629024,1.4839037688917622,0.002476788062361108
groundstate_large_indep_qiskit_14.qasm,GPU,single,8,0.9999998807914314,3,9.904581600000256,8,2641,509.984375,0.0007698697069707293,2.205884530292963,2.206654399999934,497.72265625,2.6822995801226547e-05,1.747407700000167,476.3203125,2.362146645678052e-05,2.4129014999998617,506.90234375,0.2608037623420561,2.941321700000117,506.91796875,0.9999998807914314,3.0953991999999744,507.49609375,,,,,,,,,,,,,,,,,,,2.362146645678052e-05,0.9999998807914314,4,2.6822995801226547e-05,3,0.7391961184493754,8,1.0,14,14,1,1,0.0,0.0,182.0,0.8125,0.0,0.0,0.0,0.0,0.0,0.0,0.0,0.0,0.0,0.0,0.0,0.0,0.0,0.0,0.0,0.0,0.0,0.0,0.0,0.0,0.0,0.0,0.0,0.0,0.0,0.0,0.0,0.0,0.0,0.0,0.0,0.0,0.0,0.0,42.0,0.1875,0.0,0.0,0.0,0.0,0.0,0.0,0.0,0.0,0.0,0.0,0.0,0.0,0.0,0.0,0.0,0.0,0.0,0.0,0.0,0.0,0.0,0.0,0.0,0.0,0.0,0.0,0.0,0.0,42.0,182.0,0.0,42.0,0.8125,0.0,0.1875,2.0,224.0,98.0,70.0,24.819347291981714,910.0,3.5978153652498435,13,1.0,49.0,98.0,13.0,5.0,3.1622776601683795,0.14285714285714285,0.6043956043956044,42.0,3.0,0.38095238095238093,182.0,39.0,0.8125,91.0,1.0,1.0,1.0,1.0,0.0,0.0,0.0,0.0,0.0,13.0,13.0,0.0,13.0,13.0,13.0,13.0,3.8073549220576055,13.0,0.0,13.0,13.0,13.0,13.0,13.0,49.0,49.0,49.0,455.0,455.0,455.0,7.0,49.0,7.0,26.0,26.0,0.0,26.0,26.0,26.0,26.0,2.0,2.0,0.0,1.0,1.0,0.8043379898729448,1.0469949343984182,0.0,3.0789369697813296,43.0,2.8869745664578796,16.0,13.0,7.0,5.41610040220442,2.70805020110221,4.59511985013459,Ground_State,Ground_State,1.0,0.0,2.3891830311963274,1.1649880367867034,0.0007695735093005337
grover-noancilla_indep_qiskit_11.qasm,CPU,double,1,0.999999999989406,0,13.902692500007106,1,1024,512.44140625,0.0011591111011109712,2.311581488897395,2.312740599998506,501.77734375,0.999999999989406,4.382526199988206,595.625,,,,,,,,,,,,,,,,,,,,,,,,,,,,0.999999999989406,0.999999999989406,1,0.999999999989406,0,0.0,1,1.0,11,11,2,1,38300.0,0.49636474384728035,0.0,0.0,25575.0,0.3314498256891435,0.0,0.0,0.0,0.0,0.0,0.0,0.0,0.0,0.0,0.0,0.0,0.0,10.0,0.00012959914982957712,1.0,1.2959914982957711e-05,0.0,0.0,0.0,0.0,0.0,0.0,0.0,0.0,0.0,0.0,0.0,0.0,0.0,0.0,0.0,0.0,500.0,0.006479957491478856,0.0,0.0,0.0,0.0,0.0,0.0,0.0,0.0,0.0,0.0,0.0,0.0,0.0,0.0,0.0,0.0,12775.0,0.16556291390728478,0.0,0.0,0.0,0.0,0.0,0.0,0.0,0.0,0.0,0.0,511.0,76650.0,0.0,38850.0,0.9933774834437086,0.0,0.5034926970879071,6.0,77161.0,72900.0,58990.0,15286.808856003923,589900.0,3.2668200462524477,10,1.0,30.0,72900.0,10.0,7.696020874103066,1.9675027345987703,0.011741682974559686,0.9771689497716894,76676.0,6970.545454545455,0.09148411971981277,76650.0,425.0,0.9933774834437086,55.0,1.0,1.0,1.0,1.0,0.0,0.0,0.0,0.0,0.0,10.0,10.0,0.0,10.0,10.0,10.0,10.0,3.4594316186372978,10.0,0.0,10.0,10.0,10.0,10.0,10.0,30.0,30.0,30.0,220.0,220.0,220.0,5.0,30.0,5.5,38400.0,13936.363636363636,11231.415779554382,2800.0,9800.0,4500.0,22437.5,12800.0,1393.6363636363637,0.0,1.0,1.0,0.047890607316836344,0.35098117511333327,0.0,3.141592653589793,4.0,0.09824373460321156,7014.636363636364,6968.181818181818,6627.272727272727,11.253662386849633,2.4849066497880004,11.196857635323791,Grover_NoAncilla,Grover_NoAncilla,0.0,1.0,2.7015419013247497,1.197425866490769,0.0011584398504912365
grover-noancilla_indep_qiskit_11.qasm,CPU,single,1,0.9999979740198364,0,3.807836399995722,1,1024,503.83984375,0.0002630201720175567,1.177634679820155,1.1778976999921724,492.33984375,0.9999979740198364,2.352997800000594,576.625,,,,,,,,,,,,,,,,,,,,,,,,,,,,0.9999979740198364,0.9999979740198364,1,0.9999979740198364,0,0.0,1,1.0,11,11,2,1,38300.0,0.49636474384728035,0.0,0.0,25575.0,0.3314498256891435,0.0,0.0,0.0,0.0,0.0,0.0,0.0,0.0,0.0,0.0,0.0,0.0,10.0,0.00012959914982957712,1.0,1.2959914982957711e-05,0.0,0.0,0.0,0.0,0.0,0.0,0.0,0.0,0.0,0.0,0.0,0.0,0.0,0.0,0.0,0.0,500.0,0.006479957491478856,0.0,0.0,0.0,0.0,0.0,0.0,0.0,0.0,0.0,0.0,0.0,0.0,0.0,0.0,0.0,0.0,12775.0,0.16556291390728478,0.0,0.0,0.0,0.0,0.0,0.0,0.0,0.0,0.0,0.0,511.0,76650.0,0.0,38850.0,0.9933774834437086,0.0,0.5034926970879071,6.0,77161.0,72900.0,58990.0,15286.808856003923,589900.0,3.2668200462524477,10,1.0,30.0,72900.0,10.0,7.696020874103066,1.9675027345987703,0.011741682974559686,0.9771689497716894,76676.0,6970.545454545455,0.09148411971981277,76650.0,425.0,0.9933774834437086,55.0,1.0,1.0,1.0,1.0,0.0,0.0,0.0,0.0,0.0,10.0,10.0,0.0,10.0,10.0,10.0,10.0,3.4594316186372978,10.0,0.0,10.0,10.0,10.0,10.0,10.0,30.0,30.0,30.0,220.0,220.0,220.0,5.0,30.0,5.5,38400.0,13936.363636363636,11231.415779554382,2800.0,9800.0,4500.0,22437.5,12800.0,1393.6363636363637,0.0,1.0,1.0,0.047890607316836344,0.35098117511333327,0.0,3.141592653589793,4.0,0.09824373460321156,7014.636363636364,6968.181818181818,6627.272727272727,11.253662386849633,2.4849066497880004,11.196857635323791,Grover_NoAncilla,Grover_NoAncilla,0.0,0.0,1.5702471700308018,0.7782392784955235,0.0002629855882761275
grover-noancilla_indep_qiskit_11.qasm,GPU,double,1,0.9999999999894038,0,219.18694230000256,1,1024,1059.58203125,0.001298896579658741,206.19797650341513,206.1992753999948,1037.62109375,0.9999999999894038,451.7960688000021,1247.9921875,,,,,,,,,,,,,,,,,,,,,,,,,,,,0.9999999999894038,0.9999999999894038,1,0.9999999999894038,0,0.0,1,1.0,11,11,2,1,38300.0,0.49636474384728035,0.0,0.0,25575.0,0.3314498256891435,0.0,0.0,0.0,0.0,0.0,0.0,0.0,0.0,0.0,0.0,0.0,0.0,10.0,0.00012959914982957712,1.0,1.2959914982957711e-05,0.0,0.0,0.0,0.0,0.0,0.0,0.0,0.0,0.0,0.0,0.0,0.0,0.0,0.0,0.0,0.0,500.0,0.006479957491478856,0.0,0.0,0.0,0.0,0.0,0.0,0.0,0.0,0.0,0.0,0.0,0.0,0.0,0.0,0.0,0.0,12775.0,0.16556291390728478,0.0,0.0,0.0,0.0,0.0,0.0,0.0,0.0,0.0,0.0,511.0,76650.0,0.0,38850.0,0.9933774834437086,0.0,0.5034926970879071,6.0,77161.0,72900.0,58990.0,15286.808856003923,589900.0,3.2668200462524477,10,1.0,30.0,72900.0,10.0,7.696020874103066,1.9675027345987703,0.011741682974559686,0.9771689497716894,76676.0,6970.545454545455,0.09148411971981277,76650.0,425.0,0.9933774834437086,55.0,1.0,1.0,1.0,1.0,0.0,0.0,0.0,0.0,0.0,10.0,10.0,0.0,10.0,10.0,10.0,10.0,3.4594316186372978,10.0,0.0,10.0,10.0,10.0,10.0,10.0,30.0,30.0,30.0,220.0,220.0,220.0,5.0,30.0,5.5,38400.0,13936.363636363636,11231.415779554382,2800.0,9800.0,4500.0,22437.5,12800.0,1393.6363636363637,0.0,1.0,1.0,0.047890607316836344,0.35098117511333327,0.0,3.141592653589793,4.0,0.09824373460321156,7014.636363636364,6968.181818181818,6627.272727272727,11.253662386849633,2.4849066497880004,11.196857635323791,Grover_NoAncilla,Grover_NoAncilla,1.0,1.0,5.394476923256932,5.333674744427483,0.0012980537432556866
grover-noancilla_indep_qiskit_11.qasm,GPU,single,1,0.9999979792954881,0,195.96384569999645,1,1024,682.39453125,0.000295971267127033,193.00413302872613,193.00442899999325,662.1796875,0.9999979792954881,422.9734718000109,864.8203125,,,,,,,,,,,,,,,,,,,,,,,,,,,,0.9999979792954881,0.9999979792954881,1,0.9999979792954881,0,0.0,1,1.0,11,11,2,1,38300.0,0.49636474384728035,0.0,0.0,25575.0,0.3314498256891435,0.0,0.0,0.0,0.0,0.0,0.0,0.0,0.0,0.0,0.0,0.0,0.0,10.0,0.00012959914982957712,1.0,1.2959914982957711e-05,0.0,0.0,0.0,0.0,0.0,0.0,0.0,0.0,0.0,0.0,0.0,0.0,0.0,0.0,0.0,0.0,500.0,0.006479957491478856,0.0,0.0,0.0,0.0,0.0,0.0,0.0,0.0,0.0,0.0,0.0,0.0,0.0,0.0,0.0,0.0,12775.0,0.16556291390728478,0.0,0.0,0.0,0.0,0.0,0.0,0.0,0.0,0.0,0.0,511.0,76650.0,0.0,38850.0,0.9933774834437086,0.0,0.5034926970879071,6.0,77161.0,72900.0,58990.0,15286.808856003923,589900.0,3.2668200462524477,10,1.0,30.0,72900.0,10.0,7.696020874103066,1.9675027345987703,0.011741682974559686,0.9771689497716894,76676.0,6970.545454545455,0.09148411971981277,76650.0,425.0,0.9933774834437086,55.0,1.0,1.0,1.0,1.0,0.0,0.0,0.0,0.0,0.0,10.0,10.0,0.0,10.0,10.0,10.0,10.0,3.4594316186372978,10.0,0.0,10.0,10.0,10.0,10.0,10.0,30.0,30.0,30.0,220.0,220.0,220.0,5.0,30.0,5.5,38400.0,13936.363636363636,11231.415779554382,2800.0,9800.0,4500.0,22437.5,12800.0,1393.6363636363637,0.0,1.0,1.0,0.047890607316836344,0.35098117511333327,0.0,3.141592653589793,4.0,0.09824373460321156,7014.636363636364,6968.181818181818,6627.272727272727,11.253662386849633,2.4849066497880004,11.196857635323791,Grover_NoAncilla,Grover_NoAncilla,1.0,0.0,5.283020187529831,5.26787946310818,0.00029592747627189413
grover-noancilla_indep_qiskit_7.qasm,CPU,double,1,0.9999259868410404,0,3.5556185000004916,1,64,426.83984375,0.000330895889589027,0.24665960411022167,0.2469904999998107,418.8046875,0.9999259868410404,0.22551999999996042,429.71875,,,,,,,,,,,,,,,,,,,,,,,,,,,,0.9999259868410404,0.9999259868410404,1,0.9999259868410404,0,0.0,1,1.0,7,7,2,1,552.0,0.4619246861924686,0.0,0.0,378.0,0.3163179916317992,0.0,0.0,0.0,0.0,0.0,0.0,0.0,0.0,0.0,0.0,0.0,0.0,6.0,0.00502092050209205,1.0,0.0008368200836820083,0.0,0.0,0.0,0.0,0.0,0.0,0.0,0.0,0.0,0.0,0.0,0.0,0.0,0.0,0.0,0.0,72.0,0.0602510460251046,0.0,0.0,0.0,0.0,0.0,0.0,0.0,0.0,0.0,0.0,0.0,0.0,0.0,0.0,0.0,0.0,186.0,0.15564853556485356,0.0,0.0,0.0,0.0,0.0,0.0,0.0,0.0,0.0,0.0,79.0,1116.0,0.0,636.0,0.9338912133891213,0.0,0.5322175732217573,6.0,1195.0,936.0,732.0,198.18173477896494,4392.0,2.526962923815849,6,1.0,12.0,936.0,6.0,3.935483870967742,1.5644329874815666,0.10752688172043011,0.8924731182795699,1123.0,160.42857142857142,0.15201628291565958,1116.0,54.0,0.9338912133891213,21.0,1.0,1.0,1.0,1.0,0.0,0.0,0.0,0.0,0.0,6.0,6.0,0.0,6.0,6.0,6.0,6.0,2.807354922057604,6.0,0.0,6.0,6.0,6.0,6.0,6.0,12.0,12.0,12.0,56.0,56.0,56.0,3.0,12.0,3.5,576.0,318.85714285714283,132.09458577790664,168.0,312.0,207.0,381.0,192.0,53.142857142857146,0.0,1.0,1.0,0.42348269615392065,0.9163106576929784,0.0,3.141592653589793,4.0,0.4743454375622397,170.71428571428572,159.42857142857142,133.71428571428572,7.086737934510577,2.0794415416798357,6.842683282238422,Grover_NoAncilla,Grover_NoAncilla,0.0,1.0,1.5163613063459123,0.22046765759005524,0.0003308411556179847
grover-noancilla_indep_qiskit_7.qasm,CPU,single,1,0.9999263300162953,0,1.138716999999815,1,64,425.890625,8.575064506433933e-05,0.28121054935642176,0.2812963000014861,418.46875,0.9999263300162953,0.2112955000011425,429.23046875,,,,,,,,,,,,,,,,,,,,,,,,,,,,0.9999263300162953,0.9999263300162953,1,0.9999263300162953,0,0.0,1,1.0,7,7,2,1,552.0,0.4619246861924686,0.0,0.0,378.0,0.3163179916317992,0.0,0.0,0.0,0.0,0.0,0.0,0.0,0.0,0.0,0.0,0.0,0.0,6.0,0.00502092050209205,1.0,0.0008368200836820083,0.0,0.0,0.0,0.0,0.0,0.0,0.0,0.0,0.0,0.0,0.0,0.0,0.0,0.0,0.0,0.0,72.0,0.0602510460251046,0.0,0.0,0.0,0.0,0.0,0.0,0.0,0.0,0.0,0.0,0.0,0.0,0.0,0.0,0.0,0.0,186.0,0.15564853556485356,0.0,0.0,0.0,0.0,0.0,0.0,0.0,0.0,0.0,0.0,79.0,1116.0,0.0,636.0,0.9338912133891213,0.0,0.5322175732217573,6.0,1195.0,936.0,732.0,198.18173477896494,4392.0,2.526962923815849,6,1.0,12.0,936.0,6.0,3.935483870967742,1.5644329874815666,0.10752688172043011,0.8924731182795699,1123.0,160.42857142857142,0.15201628291565958,1116.0,54.0,0.9338912133891213,21.0,1.0,1.0,1.0,1.0,0.0,0.0,0.0,0.0,0.0,6.0,6.0,0.0,6.0,6.0,6.0,6.0,2.807354922057604,6.0,0.0,6.0,6.0,6.0,6.0,6.0,12.0,12.0,12.0,56.0,56.0,56.0,3.0,12.0,3.5,576.0,318.85714285714283,132.09458577790664,168.0,312.0,207.0,381.0,192.0,53.142857142857146,0.0,1.0,1.0,0.42348269615392065,0.9163106576929784,0.0,3.141592653589793,4.0,0.4743454375622397,170.71428571428572,159.42857142857142,133.71428571428572,7.086737934510577,2.0794415416798357,6.842683282238422,Grover_NoAncilla,Grover_NoAncilla,0.0,0.0,0.7602061165317937,0.2478053726843291,8.574696868794112e-05
grover-noancilla_indep_qiskit_7.qasm,GPU,double,1,0.9999259868410408,0,6.513870099999622,1,64,849.9296875,0.00036152512251209695,2.8986188748786526,2.8989804000011645,837.45703125,0.9999259868410408,6.223358700000972,849.671875,,,,,,,,,,,,,,,,,,,,,,,,,,,,0.9999259868410408,0.9999259868410408,1,0.9999259868410408,0,0.0,1,1.0,7,7,2,1,552.0,0.4619246861924686,0.0,0.0,378.0,0.3163179916317992,0.0,0.0,0.0,0.0,0.0,0.0,0.0,0.0,0.0,0.0,0.0,0.0,6.0,0.00502092050209205,1.0,0.0008368200836820083,0.0,0.0,0.0,0.0,0.0,0.0,0.0,0.0,0.0,0.0,0.0,0.0,0.0,0.0,0.0,0.0,72.0,0.0602510460251046,0.0,0.0,0.0,0.0,0.0,0.0,0.0,0.0,0.0,0.0,0.0,0.0,0.0,0.0,0.0,0.0,186.0,0.15564853556485356,0.0,0.0,0.0,0.0,0.0,0.0,0.0,0.0,0.0,0.0,79.0,1116.0,0.0,636.0,0.9338912133891213,0.0,0.5322175732217573,6.0,1195.0,936.0,732.0,198.18173477896494,4392.0,2.526962923815849,6,1.0,12.0,936.0,6.0,3.935483870967742,1.5644329874815666,0.10752688172043011,0.8924731182795699,1123.0,160.42857142857142,0.15201628291565958,1116.0,54.0,0.9338912133891213,21.0,1.0,1.0,1.0,1.0,0.0,0.0,0.0,0.0,0.0,6.0,6.0,0.0,6.0,6.0,6.0,6.0,2.807354922057604,6.0,0.0,6.0,6.0,6.0,6.0,6.0,12.0,12.0,12.0,56.0,56.0,56.0,3.0,12.0,3.5,576.0,318.85714285714283,132.09458577790664,168.0,312.0,207.0,381.0,192.0,53.142857142857146,0.0,1.0,1.0,0.42348269615392065,0.9163106576929784,0.0,3.141592653589793,4.0,0.4743454375622397,170.71428571428572,159.42857142857142,133.71428571428572,7.086737934510577,2.0794415416798357,6.842683282238422,Grover_NoAncilla,Grover_NoAncilla,1.0,1.0,2.016750659272721,1.3606223557686195,0.00036145978805121826
grover-noancilla_indep_qiskit_7.qasm,GPU,single,1,0.9999260916106543,0,3.7843482999996922,1,64,483.78125,0.00011019744974485963,2.682373802551096,2.6824840000008408,470.51171875,0.9999260916106543,5.816487500000221,482.77734375,,,,,,,,,,,,,,,,,,,,,,,,,,,,0.9999260916106543,0.9999260916106543,1,0.9999260916106543,0,0.0,1,1.0,7,7,2,1,552.0,0.4619246861924686,0.0,0.0,378.0,0.3163179916317992,0.0,0.0,0.0,0.0,0.0,0.0,0.0,0.0,0.0,0.0,0.0,0.0,6.0,0.00502092050209205,1.0,0.0008368200836820083,0.0,0.0,0.0,0.0,0.0,0.0,0.0,0.0,0.0,0.0,0.0,0.0,0.0,0.0,0.0,0.0,72.0,0.0602510460251046,0.0,0.0,0.0,0.0,0.0,0.0,0.0,0.0,0.0,0.0,0.0,0.0,0.0,0.0,0.0,0.0,186.0,0.15564853556485356,0.0,0.0,0.0,0.0,0.0,0.0,0.0,0.0,0.0,0.0,79.0,1116.0,0.0,636.0,0.9338912133891213,0.0,0.5322175732217573,6.0,1195.0,936.0,732.0,198.18173477896494,4392.0,2.526962923815849,6,1.0,12.0,936.0,6.0,3.935483870967742,1.5644329874815666,0.10752688172043011,0.8924731182795699,1123.0,160.42857142857142,0.15201628291565958,1116.0,54.0,0.9338912133891213,21.0,1.0,1.0,1.0,1.0,0.0,0.0,0.0,0.0,0.0,6.0,6.0,0.0,6.0,6.0,6.0,6.0,2.807354922057604,6.0,0.0,6.0,6.0,6.0,6.0,6.0,12.0,12.0,12.0,56.0,56.0,56.0,3.0,12.0,3.5,576.0,318.85714285714283,132.09458577790664,168.0,312.0,207.0,381.0,192.0,53.142857142857146,0.0,1.0,1.0,0.42348269615392065,0.9163106576929784,0.0,3.141592653589793,4.0,0.4743454375622397,170.71428571428572,159.42857142857142,133.71428571428572,7.086737934510577,2.0794415416798357,6.842683282238422,Grover_NoAncilla,Grover_NoAncilla,1.0,0.0,1.565349819182044,1.3035575992633202,0.00011019137845191773
grover-v-chain_indep_qiskit_17.qasm,CPU,double,1,0.9999999997440425,0,16.064750099991215,1,1024,487.92578125,0.0014426216521650564,1.638533578340651,1.639976199992816,476.734375,0.9999999997440425,3.2436336999962805,545.79296875,,,,,,,,,,,,,,,,,,,,,,,,,,,,0.9999999997440425,0.9999999997440425,1,0.9999999997440425,0,0.0,1,1.0,17,17,2,1,25550.0,0.4912422372190498,0.0,0.0,25575.0,0.4917229047701448,0.0,0.0,0.0,0.0,0.0,0.0,25.0,0.0004806675510949607,350.0,0.00672934571532945,0.0,0.0,10.0,0.00019226702043798427,1.0,1.9226702043798426e-05,0.0,0.0,0.0,0.0,0.0,0.0,0.0,0.0,0.0,0.0,0.0,0.0,0.0,0.0,50.0,0.0009613351021899214,450.0,0.008652015919709292,0.0,0.0,0.0,0.0,0.0,0.0,0.0,0.0,0.0,0.0,0.0,0.0,0.0,0.0,0.0,0.0,0.0,0.0,0.0,0.0,0.0,0.0,0.0,0.0,0.0,0.0,0.0,0.0,511.0,51125.0,375.0,26075.0,0.9829651419891946,0.00721001326642441,0.501336255792044,8.0,52011.0,49350.0,26060.9375,20993.270813134233,416975.0,3.334954060112614,16,1.0,37.0,49350.0,10.0,7.980382775119617,1.9990662525767728,0.016267942583732056,0.9330143540669856,51527.0,3031.0,0.05937606668805275,51500.0,275.0,0.990175155255619,74.0,0.5441176470588235,1.0,1.0,0.7304812834224599,0.0,0.0,0.0,0.0,0.0,12.0,8.705882352941176,3.5274504354270473,4.0,11.0,4.0,12.0,3.9543769929191006,10.0,0.0,10.0,10.0,10.0,16.0,10.0,37.0,39.0,37.0,335.0,353.0,335.0,7.0,28.0,4.933333333333334,25775.0,6147.058823529412,8184.763832667365,150.0,2100.0,200.0,6600.0,12850.0,706.081081081081,0.0,0.0,0.0,0.06513562908183215,0.42642360304573446,0.0,3.141592653589793,3.0,0.134934818688148,3059.470588235294,3029.4117647058824,2902.9411764705883,10.85922974017121,2.8903717578961645,10.806713308080846,Grover_V_Chain,Grover_V_Chain,0.0,1.0,2.837014938242727,0.9702233000818871,0.001441582073242014
grover-v-chain_indep_qiskit_17.qasm,CPU,single,1,0.9999984570622278,0,4.268532999994932,1,1024,482.98828125,0.00033507666766711703,0.9177663233237614,0.9181013999914285,470.91015625,0.9999984570622278,1.8144183999975212,531.41796875,,,,,,,,,,,,,,,,,,,,,,,,,,,,0.9999984570622278,0.9999984570622278,1,0.9999984570622278,0,0.0,1,1.0,17,17,2,1,25550.0,0.4912422372190498,0.0,0.0,25575.0,0.4917229047701448,0.0,0.0,0.0,0.0,0.0,0.0,25.0,0.0004806675510949607,350.0,0.00672934571532945,0.0,0.0,10.0,0.00019226702043798427,1.0,1.9226702043798426e-05,0.0,0.0,0.0,0.0,0.0,0.0,0.0,0.0,0.0,0.0,0.0,0.0,0.0,0.0,50.0,0.0009613351021899214,450.0,0.008652015919709292,0.0,0.0,0.0,0.0,0.0,0.0,0.0,0.0,0.0,0.0,0.0,0.0,0.0,0.0,0.0,0.0,0.0,0.0,0.0,0.0,0.0,0.0,0.0,0.0,0.0,0.0,0.0,0.0,511.0,51125.0,375.0,26075.0,0.9829651419891946,0.00721001326642441,0.501336255792044,8.0,52011.0,49350.0,26060.9375,20993.270813134233,416975.0,3.334954060112614,16,1.0,37.0,49350.0,10.0,7.980382775119617,1.9990662525767728,0.016267942583732056,0.9330143540669856,51527.0,3031.0,0.05937606668805275,51500.0,275.0,0.990175155255619,74.0,0.5441176470588235,1.0,1.0,0.7304812834224599,0.0,0.0,0.0,0.0,0.0,12.0,8.705882352941176,3.5274504354270473,4.0,11.0,4.0,12.0,3.9543769929191006,10.0,0.0,10.0,10.0,10.0,16.0,10.0,37.0,39.0,37.0,335.0,353.0,335.0,7.0,28.0,4.933333333333334,25775.0,6147.058823529412,8184.763832667365,150.0,2100.0,200.0,6600.0,12850.0,706.081081081081,0.0,0.0,0.0,0.06513562908183215,0.42642360304573446,0.0,3.141592653589793,3.0,0.134934818688148,3059.470588235294,3029.4117647058824,2902.9411764705883,10.85922974017121,2.8903717578961645,10.806713308080846,Grover_V_Chain,Grover_V_Chain,0.0,0.0,1.6617519556792697,0.6511611355268252,0.0003350205420177566
grover-v-chain_indep_qiskit_17.qasm,GPU,double,1,0.9999999997440454,0,166.0510912000027,1,1023,1034.76953125,0.0014614129612964396,151.4369615870383,151.4384229999996,1012.7734375,0.9999999997440454,325.91768080000475,1198.58984375,,,,,,,,,,,,,,,,,,,,,,,,,,,,0.9999999997440454,0.9999999997440454,1,0.9999999997440454,0,0.0,1,1.0,17,17,2,1,25550.0,0.4912422372190498,0.0,0.0,25575.0,0.4917229047701448,0.0,0.0,0.0,0.0,0.0,0.0,25.0,0.0004806675510949607,350.0,0.00672934571532945,0.0,0.0,10.0,0.00019226702043798427,1.0,1.9226702043798426e-05,0.0,0.0,0.0,0.0,0.0,0.0,0.0,0.0,0.0,0.0,0.0,0.0,0.0,0.0,50.0,0.0009613351021899214,450.0,0.008652015919709292,0.0,0.0,0.0,0.0,0.0,0.0,0.0,0.0,0.0,0.0,0.0,0.0,0.0,0.0,0.0,0.0,0.0,0.0,0.0,0.0,0.0,0.0,0.0,0.0,0.0,0.0,0.0,0.0,511.0,51125.0,375.0,26075.0,0.9829651419891946,0.00721001326642441,0.501336255792044,8.0,52011.0,49350.0,26060.9375,20993.270813134233,416975.0,3.334954060112614,16,1.0,37.0,49350.0,10.0,7.980382775119617,1.9990662525767728,0.016267942583732056,0.9330143540669856,51527.0,3031.0,0.05937606668805275,51500.0,275.0,0.990175155255619,74.0,0.5441176470588235,1.0,1.0,0.7304812834224599,0.0,0.0,0.0,0.0,0.0,12.0,8.705882352941176,3.5274504354270473,4.0,11.0,4.0,12.0,3.9543769929191006,10.0,0.0,10.0,10.0,10.0,16.0,10.0,37.0,39.0,37.0,335.0,353.0,335.0,7.0,28.0,4.933333333333334,25775.0,6147.058823529412,8184.763832667365,150.0,2100.0,200.0,6600.0,12850.0,706.081081081081,0.0,0.0,0.0,0.06513562908183215,0.42642360304573446,0.0,3.141592653589793,3.0,0.134934818688148,3059.470588235294,3029.4117647058824,2902.9411764705883,10.85922974017121,2.8903717578961645,10.806713308080846,Grover_V_Chain,Grover_V_Chain,1.0,1.0,5.118299700957443,5.026751143945552,0.001460346136629166
grover-v-chain_indep_qiskit_17.qasm,GPU,single,1,0.9999992938587561,0,147.7327621000004,1,1024,661.18359375,0.0002678537653767831,145.05422444623258,145.05449229999795,639.96875,0.9999992938587561,324.7893863999925,818.828125,,,,,,,,,,,,,,,,,,,,,,,,,,,,0.9999992938587561,0.9999992938587561,1,0.9999992938587561,0,0.0,1,1.0,17,17,2,1,25550.0,0.4912422372190498,0.0,0.0,25575.0,0.4917229047701448,0.0,0.0,0.0,0.0,0.0,0.0,25.0,0.0004806675510949607,350.0,0.00672934571532945,0.0,0.0,10.0,0.00019226702043798427,1.0,1.9226702043798426e-05,0.0,0.0,0.0,0.0,0.0,0.0,0.0,0.0,0.0,0.0,0.0,0.0,0.0,0.0,50.0,0.0009613351021899214,450.0,0.008652015919709292,0.0,0.0,0.0,0.0,0.0,0.0,0.0,0.0,0.0,0.0,0.0,0.0,0.0,0.0,0.0,0.0,0.0,0.0,0.0,0.0,0.0,0.0,0.0,0.0,0.0,0.0,0.0,0.0,511.0,51125.0,375.0,26075.0,0.9829651419891946,0.00721001326642441,0.501336255792044,8.0,52011.0,49350.0,26060.9375,20993.270813134233,416975.0,3.334954060112614,16,1.0,37.0,49350.0,10.0,7.980382775119617,1.9990662525767728,0.016267942583732056,0.9330143540669856,51527.0,3031.0,0.05937606668805275,51500.0,275.0,0.990175155255619,74.0,0.5441176470588235,1.0,1.0,0.7304812834224599,0.0,0.0,0.0,0.0,0.0,12.0,8.705882352941176,3.5274504354270473,4.0,11.0,4.0,12.0,3.9543769929191006,10.0,0.0,10.0,10.0,10.0,16.0,10.0,37.0,39.0,37.0,335.0,353.0,335.0,7.0,28.0,4.933333333333334,25775.0,6147.058823529412,8184.763832667365,150.0,2100.0,200.0,6600.0,12850.0,706.081081081081,0.0,0.0,0.0,0.06513562908183215,0.42642360304573446,0.0,3.141592653589793,3.0,0.134934818688148,3059.470588235294,3029.4117647058824,2902.9411764705883,10.85922974017121,2.8903717578961645,10.806713308080846,Grover_V_Chain,Grover_V_Chain,1.0,0.0,5.002151152668535,4.983977953072972,0.00026781789896146316
grover-v-chain_indep_qiskit_7.qasm,CPU,double,1,0.9974747860860493,0,2.667474499999571,1,32,431.89453125,0.00024477744774471945,0.21970002255237644,0.21994480000012118,418.13671875,0.9974747860860493,0.2138409999997748,427.07421875,,,,,,,,,,,,,,,,,,,,,,,,,,,,0.9974747860860493,0.9974747860860493,1,0.9974747860860493,0,0.0,1,1.0,7,7,2,1,120.0,0.3870967741935484,0.0,0.0,124.0,0.4,0.0,0.0,0.0,0.0,0.0,0.0,4.0,0.012903225806451613,16.0,0.05161290322580645,0.0,0.0,5.0,0.016129032258064516,1.0,0.0032258064516129032,0.0,0.0,0.0,0.0,0.0,0.0,0.0,0.0,0.0,0.0,0.0,0.0,0.0,0.0,8.0,0.025806451612903226,32.0,0.1032258064516129,0.0,0.0,0.0,0.0,0.0,0.0,0.0,0.0,0.0,0.0,0.0,0.0,0.0,0.0,0.0,0.0,0.0,0.0,0.0,0.0,0.0,0.0,0.0,0.0,0.0,0.0,0.0,0.0,46.0,244.0,20.0,164.0,0.7870967741935484,0.06451612903225806,0.5290322580645161,8.0,310.0,232.0,164.66666666666666,70.13954345129112,988.0,2.4080664620018726,6,1.0,10.0,232.0,5.0,3.25,1.4153760891311575,0.18421052631578946,0.8157894736842105,270.0,38.57142857142857,0.164021164021164,264.0,24.0,0.8516129032258064,19.0,0.9047619047619048,1.0,1.0,0.9238095238095239,0.0,0.0,0.0,0.0,0.0,6.0,5.428571428571429,0.7284313590846836,4.0,6.0,5.0,6.0,2.7937595932809183,5.0,0.0,5.0,5.0,5.0,6.0,5.0,10.0,12.0,10.0,45.0,53.0,45.0,3.0,10.0,3.1666666666666665,156.0,86.85714285714286,44.06303462550172,24.0,76.0,60.0,116.0,72.0,16.0,0.0,1.0,1.0,0.7653624959638401,1.205328168182256,0.0,3.141592653589793,3.0,0.7300166301457938,44.285714285714285,37.714285714285715,33.142857142857146,5.739792912179234,2.0794415416798357,5.4510384535657,Grover_V_Chain,Grover_V_Chain,0.0,1.0,1.2995032780454756,0.1986049453571566,0.000244747494633055
grover-v-chain_indep_qiskit_7.qasm,CPU,single,1,0.9974773047622107,0,0.9918242999997346,1,32,425.890625,7.790317031700434e-05,0.21279259682969118,0.21287050000000818,417.8671875,0.9974773047622107,0.23941560000002937,427.23828125,,,,,,,,,,,,,,,,,,,,,,,,,,,,0.9974773047622107,0.9974773047622107,1,0.9974773047622107,0,0.0,1,1.0,7,7,2,1,120.0,0.3870967741935484,0.0,0.0,124.0,0.4,0.0,0.0,0.0,0.0,0.0,0.0,4.0,0.012903225806451613,16.0,0.05161290322580645,0.0,0.0,5.0,0.016129032258064516,1.0,0.0032258064516129032,0.0,0.0,0.0,0.0,0.0,0.0,0.0,0.0,0.0,0.0,0.0,0.0,0.0,0.0,8.0,0.025806451612903226,32.0,0.1032258064516129,0.0,0.0,0.0,0.0,0.0,0.0,0.0,0.0,0.0,0.0,0.0,0.0,0.0,0.0,0.0,0.0,0.0,0.0,0.0,0.0,0.0,0.0,0.0,0.0,0.0,0.0,0.0,0.0,46.0,244.0,20.0,164.0,0.7870967741935484,0.06451612903225806,0.5290322580645161,8.0,310.0,232.0,164.66666666666666,70.13954345129112,988.0,2.4080664620018726,6,1.0,10.0,232.0,5.0,3.25,1.4153760891311575,0.18421052631578946,0.8157894736842105,270.0,38.57142857142857,0.164021164021164,264.0,24.0,0.8516129032258064,19.0,0.9047619047619048,1.0,1.0,0.9238095238095239,0.0,0.0,0.0,0.0,0.0,6.0,5.428571428571429,0.7284313590846836,4.0,6.0,5.0,6.0,2.7937595932809183,5.0,0.0,5.0,5.0,5.0,6.0,5.0,10.0,12.0,10.0,45.0,53.0,45.0,3.0,10.0,3.1666666666666665,156.0,86.85714285714286,44.06303462550172,24.0,76.0,60.0,116.0,72.0,16.0,0.0,1.0,1.0,0.7653624959638401,1.205328168182256,0.0,3.141592653589793,3.0,0.7300166301457938,44.285714285714285,37.714285714285715,33.142857142857146,5.739792912179234,2.0794415416798357,5.4510384535657,Grover_V_Chain,Grover_V_Chain,0.0,0.0,0.6890509524609316,0.1929256316901851,7.790013602261804e-05
grover-v-chain_indep_qiskit_7.qasm,GPU,double,1,0.9974747860860489,0,3.464708099999825,1,32,845.6171875,0.0002542619261925983,0.922088838073842,0.9223431000000346,835.26953125,0.9974747860860489,1.8360210999999254,845.203125,,,,,,,,,,,,,,,,,,,,,,,,,,,,0.9974747860860489,0.9974747860860489,1,0.9974747860860489,0,0.0,1,1.0,7,7,2,1,120.0,0.3870967741935484,0.0,0.0,124.0,0.4,0.0,0.0,0.0,0.0,0.0,0.0,4.0,0.012903225806451613,16.0,0.05161290322580645,0.0,0.0,5.0,0.016129032258064516,1.0,0.0032258064516129032,0.0,0.0,0.0,0.0,0.0,0.0,0.0,0.0,0.0,0.0,0.0,0.0,0.0,0.0,8.0,0.025806451612903226,32.0,0.1032258064516129,0.0,0.0,0.0,0.0,0.0,0.0,0.0,0.0,0.0,0.0,0.0,0.0,0.0,0.0,0.0,0.0,0.0,0.0,0.0,0.0,0.0,0.0,0.0,0.0,0.0,0.0,0.0,0.0,46.0,244.0,20.0,164.0,0.7870967741935484,0.06451612903225806,0.5290322580645161,8.0,310.0,232.0,164.66666666666666,70.13954345129112,988.0,2.4080664620018726,6,1.0,10.0,232.0,5.0,3.25,1.4153760891311575,0.18421052631578946,0.8157894736842105,270.0,38.57142857142857,0.164021164021164,264.0,24.0,0.8516129032258064,19.0,0.9047619047619048,1.0,1.0,0.9238095238095239,0.0,0.0,0.0,0.0,0.0,6.0,5.428571428571429,0.7284313590846836,4.0,6.0,5.0,6.0,2.7937595932809183,5.0,0.0,5.0,5.0,5.0,6.0,5.0,10.0,12.0,10.0,45.0,53.0,45.0,3.0,10.0,3.1666666666666665,156.0,86.85714285714286,44.06303462550172,24.0,76.0,60.0,116.0,72.0,16.0,0.0,1.0,1.0,0.7653624959638401,1.205328168182256,0.0,3.141592653589793,3.0,0.7300166301457938,44.285714285714285,37.714285714285715,33.142857142857146,5.739792912179234,2.0794415416798357,5.4510384535657,Grover_V_Chain,Grover_V_Chain,1.0,1.0,1.496203837051398,0.6534125311624518,0.00025422960710726856
grover-v-chain_indep_qiskit_7.qasm,GPU,single,1,0.9974751628922761,0,1.8052299999999377,1,32,482.55078125,9.715069506950162e-05,0.8337230493049215,0.833820199999991,468.78515625,0.9974751628922761,1.7035980000000563,478.5546875,,,,,,,,,,,,,,,,,,,,,,,,,,,,0.9974751628922761,0.9974751628922761,1,0.9974751628922761,0,0.0,1,0.99,7,7,2,1,120.0,0.3870967741935484,0.0,0.0,124.0,0.4,0.0,0.0,0.0,0.0,0.0,0.0,4.0,0.012903225806451613,16.0,0.05161290322580645,0.0,0.0,5.0,0.016129032258064516,1.0,0.0032258064516129032,0.0,0.0,0.0,0.0,0.0,0.0,0.0,0.0,0.0,0.0,0.0,0.0,0.0,0.0,8.0,0.025806451612903226,32.0,0.1032258064516129,0.0,0.0,0.0,0.0,0.0,0.0,0.0,0.0,0.0,0.0,0.0,0.0,0.0,0.0,0.0,0.0,0.0,0.0,0.0,0.0,0.0,0.0,0.0,0.0,0.0,0.0,0.0,0.0,46.0,244.0,20.0,164.0,0.7870967741935484,0.06451612903225806,0.5290322580645161,8.0,310.0,232.0,164.66666666666666,70.13954345129112,988.0,2.4080664620018726,6,1.0,10.0,232.0,5.0,3.25,1.4153760891311575,0.18421052631578946,0.8157894736842105,270.0,38.57142857142857,0.164021164021164,264.0,24.0,0.8516129032258064,19.0,0.9047619047619048,1.0,1.0,0.9238095238095239,0.0,0.0,0.0,0.0,0.0,6.0,5.428571428571429,0.7284313590846836,4.0,6.0,5.0,6.0,2.7937595932809183,5.0,0.0,5.0,5.0,5.0,6.0,5.0,10.0,12.0,10.0,45.0,53.0,45.0,3.0,10.0,3.1666666666666665,156.0,86.85714285714286,44.06303462550172,24.0,76.0,60.0,116.0,72.0,16.0,0.0,1.0,1.0,0.7653624959638401,1.205328168182256,0.0,3.141592653589793,3.0,0.7300166301457938,44.285714285714285,37.714285714285715,33.142857142857146,5.739792912179234,2.0794415416798357,5.4510384535657,Grover_V_Chain,Grover_V_Chain,1.0,0.0,1.0314855320480512,0.6063483533281543,9.714597624634753e-05
portfolioqaoa_indep_qiskit_10.qasm,CPU,double,16,0.9999980264367786,4,12.064081700000315,16,558,427.578125,0.001182507740774137,0.23900429225894523,0.24018679999971937,418.76171875,2.8878667239354657e-05,0.22445980000020427,426.41015625,7.51334051232153e-08,0.2287861999998313,426.953125,0.6248918858135292,0.23968029999969076,426.96484375,0.9512942369662831,0.32945980000022246,426.96875,0.9999980264367786,0.43493030000036015,427.421875,,,,,,,,,,,,,,,,7.51334051232153e-08,0.9999980264367786,5,2.8878667239354657e-05,4,0.624891810680124,4,1.0,10,20,1,2,0.0,0.0,0.0,0.0,0.0,0.0,135.0,0.7714285714285715,0.0,0.0,0.0,0.0,0.0,0.0,0.0,0.0,0.0,0.0,0.0,0.0,0.0,0.0,0.0,0.0,0.0,0.0,10.0,0.05714285714285714,0.0,0.0,0.0,0.0,0.0,0.0,0.0,0.0,0.0,0.0,10.0,0.05714285714285714,20.0,0.11428571428571428,0.0,0.0,0.0,0.0,0.0,0.0,0.0,0.0,0.0,0.0,0.0,0.0,0.0,0.0,0.0,0.0,0.0,0.0,0.0,0.0,0.0,0.0,0.0,0.0,0.0,0.0,40.0,135.0,0.0,175.0,0.7714285714285715,0.0,1.0,4.0,175.0,75.0,55.0,17.549928774784245,495.0,3.0892883562964024,9,1.0,25.0,75.0,9.0,3.6666666666666665,2.211083193570267,0.2,0.6222222222222222,41.0,4.1,0.4268292682926829,135.0,37.0,0.7714285714285715,45.0,1.0,1.0,1.0,1.0,0.0,0.0,0.0,0.0,0.0,9.0,9.0,0.0,9.0,9.0,9.0,9.0,3.321928094887362,9.0,0.0,9.0,9.0,9.0,9.0,9.0,25.0,25.0,25.0,165.0,165.0,165.0,5.0,25.0,5.0,27.0,27.0,0.0,27.0,27.0,27.0,27.0,3.0,3.0,0.0,1.0,1.0,4.019961234316551,2.0196063007859713,0.001492055680394344,6.256117527845438,170.0,2.72661301704912,17.5,13.5,7.5,5.170483995038151,2.3978952727983707,4.330733340286331,Portfolio_QAOA,Portfolio_QAOA,0.0,1.0,2.5698666094759446,0.21430806693393875,0.0011818091291838134
portfolioqaoa_indep_qiskit_10.qasm,CPU,single,16,0.9999991655481837,4,4.905071499999849,16,558,427.55078125,0.0004659640864086334,0.245430635913515,0.24589659999992364,418.5859375,2.8861316413516624e-05,0.2724719000002551,426.28515625,7.510989465885181e-08,0.25773590000017066,426.81640625,0.6248927757129588,0.24955590000035954,426.65625,0.9513001192919034,0.2817377999999735,426.8125,0.9999991655481837,0.3377061999999569,426.859375,,,,,,,,,,,,,,,,7.510989465885181e-08,0.9999991655481837,5,2.8861316413516624e-05,4,0.6248927006030641,4,1.0,10,20,1,2,0.0,0.0,0.0,0.0,0.0,0.0,135.0,0.7714285714285715,0.0,0.0,0.0,0.0,0.0,0.0,0.0,0.0,0.0,0.0,0.0,0.0,0.0,0.0,0.0,0.0,0.0,0.0,10.0,0.05714285714285714,0.0,0.0,0.0,0.0,0.0,0.0,0.0,0.0,0.0,0.0,10.0,0.05714285714285714,20.0,0.11428571428571428,0.0,0.0,0.0,0.0,0.0,0.0,0.0,0.0,0.0,0.0,0.0,0.0,0.0,0.0,0.0,0.0,0.0,0.0,0.0,0.0,0.0,0.0,0.0,0.0,0.0,0.0,40.0,135.0,0.0,175.0,0.7714285714285715,0.0,1.0,4.0,175.0,75.0,55.0,17.549928774784245,495.0,3.0892883562964024,9,1.0,25.0,75.0,9.0,3.6666666666666665,2.211083193570267,0.2,0.6222222222222222,41.0,4.1,0.4268292682926829,135.0,37.0,0.7714285714285715,45.0,1.0,1.0,1.0,1.0,0.0,0.0,0.0,0.0,0.0,9.0,9.0,0.0,9.0,9.0,9.0,9.0,3.321928094887362,9.0,0.0,9.0,9.0,9.0,9.0,9.0,25.0,25.0,25.0,165.0,165.0,165.0,5.0,25.0,5.0,27.0,27.0,0.0,27.0,27.0,27.0,27.0,3.0,3.0,0.0,1.0,1.0,4.019961234316551,2.0196063007859713,0.001492055680394344,6.256117527845438,170.0,2.72661301704912,17.5,13.5,7.5,5.170483995038151,2.3978952727983707,4.330733340286331,Portfolio_QAOA,Portfolio_QAOA,0.0,0.0,1.7758115579587206,0.21948136240973215,0.000465855558855708
portfolioqaoa_indep_qiskit_10.qasm,GPU,double,16,0.9999981143982746,4,15.669895600000018,16,571,877.41796875,0.0012075877587758746,3.594018012241273,3.595225600000049,865.71875,2.887866723941323e-05,1.3495866999996906,844.08203125,7.513340512377326e-08,1.8753977999999734,873.61328125,0.6248920594610612,3.0780540000000656,874.56640625,0.9512831968130754,5.393968700000187,875.9609375,0.9999981143982746,7.829988800000137,875.2890625,,,,,,,,,,,,,,,,7.513340512377326e-08,0.9999981143982746,5,2.887866723941323e-05,4,0.624891984327656,4,1.0,10,20,1,2,0.0,0.0,0.0,0.0,0.0,0.0,135.0,0.7714285714285715,0.0,0.0,0.0,0.0,0.0,0.0,0.0,0.0,0.0,0.0,0.0,0.0,0.0,0.0,0.0,0.0,0.0,0.0,10.0,0.05714285714285714,0.0,0.0,0.0,0.0,0.0,0.0,0.0,0.0,0.0,0.0,10.0,0.05714285714285714,20.0,0.11428571428571428,0.0,0.0,0.0,0.0,0.0,0.0,0.0,0.0,0.0,0.0,0.0,0.0,0.0,0.0,0.0,0.0,0.0,0.0,0.0,0.0,0.0,0.0,0.0,0.0,0.0,0.0,40.0,135.0,0.0,175.0,0.7714285714285715,0.0,1.0,4.0,175.0,75.0,55.0,17.549928774784245,495.0,3.0892883562964024,9,1.0,25.0,75.0,9.0,3.6666666666666665,2.211083193570267,0.2,0.6222222222222222,41.0,4.1,0.4268292682926829,135.0,37.0,0.7714285714285715,45.0,1.0,1.0,1.0,1.0,0.0,0.0,0.0,0.0,0.0,9.0,9.0,0.0,9.0,9.0,9.0,9.0,3.321928094887362,9.0,0.0,9.0,9.0,9.0,9.0,9.0,25.0,25.0,25.0,165.0,165.0,165.0,5.0,25.0,5.0,27.0,27.0,0.0,27.0,27.0,27.0,27.0,3.0,3.0,0.0,1.0,1.0,4.019961234316551,2.0196063007859713,0.001492055680394344,6.256117527845438,170.0,2.72661301704912,17.5,13.5,7.5,5.170483995038151,2.3978952727983707,4.330733340286331,Portfolio_QAOA,Portfolio_QAOA,1.0,1.0,2.8136044339956423,1.524755025077956,0.0012068592111427856
portfolioqaoa_indep_qiskit_10.qasm,GPU,single,16,0.9999941587572786,4,6.2795021000001725,16,568,511.41796875,0.0004658977897790207,1.6205242022099653,1.6209900999997444,498.30859375,2.8909350720206438e-05,1.220498199999838,477.52734375,7.516650906546708e-08,1.6959986000001663,507.07421875,0.6249004658918678,2.159648400000151,507.9296875,0.9512840773365863,2.3301078999998026,508.26953125,0.9999941587572786,2.5404011000000537,508.40234375,,,,,,,,,,,,,,,,7.516650906546708e-08,0.9999941587572786,5,2.8909350720206438e-05,4,0.6249003907253587,4,1.0,10,20,1,2,0.0,0.0,0.0,0.0,0.0,0.0,135.0,0.7714285714285715,0.0,0.0,0.0,0.0,0.0,0.0,0.0,0.0,0.0,0.0,0.0,0.0,0.0,0.0,0.0,0.0,0.0,0.0,10.0,0.05714285714285714,0.0,0.0,0.0,0.0,0.0,0.0,0.0,0.0,0.0,0.0,10.0,0.05714285714285714,20.0,0.11428571428571428,0.0,0.0,0.0,0.0,0.0,0.0,0.0,0.0,0.0,0.0,0.0,0.0,0.0,0.0,0.0,0.0,0.0,0.0,0.0,0.0,0.0,0.0,0.0,0.0,0.0,0.0,40.0,135.0,0.0,175.0,0.7714285714285715,0.0,1.0,4.0,175.0,75.0,55.0,17.549928774784245,495.0,3.0892883562964024,9,1.0,25.0,75.0,9.0,3.6666666666666665,2.211083193570267,0.2,0.6222222222222222,41.0,4.1,0.4268292682926829,135.0,37.0,0.7714285714285715,45.0,1.0,1.0,1.0,1.0,0.0,0.0,0.0,0.0,0.0,9.0,9.0,0.0,9.0,9.0,9.0,9.0,3.321928094887362,9.0,0.0,9.0,9.0,9.0,9.0,9.0,25.0,25.0,25.0,165.0,165.0,165.0,5.0,25.0,5.0,27.0,27.0,0.0,27.0,27.0,27.0,27.0,3.0,3.0,0.0,1.0,1.0,4.019961234316551,2.0196063007859713,0.001492055680394344,6.256117527845438,170.0,2.72661301704912,17.5,13.5,7.5,5.170483995038151,2.3978952727983707,4.330733340286331,Portfolio_QAOA,Portfolio_QAOA,1.0,0.0,1.9850624670125774,0.963374374939612,0.00046578929310136044
portfolioqaoa_indep_qiskit_17.qasm,CPU,double,16,0.9941446378646979,4,41.097558699999354,16,8974,429.42578125,0.0037426949894989025,3.670608805010331,3.6743514999998297,419.2734375,0.00014887917293589164,0.23290470000029018,427.47265625,1.4047975265662292e-05,0.3632679999991524,427.53125,0.052191768879708535,0.5022040000003472,427.578125,0.632512333947625,1.228350400000636,427.77734375,0.9941446378646979,5.291581999999835,428.30078125,,,,,,,,,,,,,,,,1.4047975265662292e-05,0.9941446378646979,5,0.00014887917293589164,4,0.5803205650679164,8,1.0,17,34,1,2,0.0,0.0,0.0,0.0,0.0,0.0,408.0,0.8571428571428571,0.0,0.0,0.0,0.0,0.0,0.0,0.0,0.0,0.0,0.0,0.0,0.0,0.0,0.0,0.0,0.0,0.0,0.0,17.0,0.03571428571428571,0.0,0.0,0.0,0.0,0.0,0.0,0.0,0.0,0.0,0.0,17.0,0.03571428571428571,34.0,0.07142857142857142,0.0,0.0,0.0,0.0,0.0,0.0,0.0,0.0,0.0,0.0,0.0,0.0,0.0,0.0,0.0,0.0,0.0,0.0,0.0,0.0,0.0,0.0,0.0,0.0,0.0,0.0,68.0,408.0,0.0,476.0,0.8571428571428571,0.0,1.0,4.0,476.0,216.0,153.0,56.68333088307355,2448.0,3.886310700127223,16,1.0,72.0,216.0,16.0,6.0,3.872983346207417,0.11764705882352941,0.5735294117647058,69.0,4.0588235294117645,0.4057971014492754,408.0,65.0,0.8571428571428571,136.0,1.0,1.0,1.0,1.0,0.0,0.0,0.0,0.0,0.0,16.0,16.0,0.0,16.0,16.0,16.0,16.0,4.087462841250339,16.0,0.0,16.0,16.0,16.0,16.0,16.0,72.0,72.0,72.0,816.0,816.0,816.0,8.0,72.0,8.5,48.0,48.0,0.0,48.0,48.0,48.0,48.0,3.0,3.0,0.0,1.0,1.0,5.168395138658664,2.030962294575087,0.03228570173260259,6.952291795518721,464.0,2.6298619257211424,28.0,24.0,12.705882352941176,6.1675164908883415,2.8903717578961645,5.37989735354046,Portfolio_QAOA,Portfolio_QAOA,0.0,1.0,3.7399897508834288,1.5412894282825869,0.0037357085332970085
portfolioqaoa_indep_qiskit_17.qasm,CPU,single,16,0.9941747081843132,4,13.219480499999918,16,8967,429.0078125,0.0011001153115311284,2.218327384688634,2.2194275000001653,418.78125,0.00014887778256046126,0.24176660000011907,426.96875,1.4011096709188914e-05,0.32733399999960966,427.2109375,0.05219967860612451,0.37483830000019225,427.55859375,0.6332862653066095,0.908390499998859,427.39453125,0.9941747081843132,3.1271406000014395,428.2890625,,,,,,,,,,,,,,,,1.4011096709188914e-05,0.9941747081843132,5,0.00014887778256046126,4,0.581086586700485,8,1.0,17,34,1,2,0.0,0.0,0.0,0.0,0.0,0.0,408.0,0.8571428571428571,0.0,0.0,0.0,0.0,0.0,0.0,0.0,0.0,0.0,0.0,0.0,0.0,0.0,0.0,0.0,0.0,0.0,0.0,17.0,0.03571428571428571,0.0,0.0,0.0,0.0,0.0,0.0,0.0,0.0,0.0,0.0,17.0,0.03571428571428571,34.0,0.07142857142857142,0.0,0.0,0.0,0.0,0.0,0.0,0.0,0.0,0.0,0.0,0.0,0.0,0.0,0.0,0.0,0.0,0.0,0.0,0.0,0.0,0.0,0.0,0.0,0.0,0.0,0.0,68.0,408.0,0.0,476.0,0.8571428571428571,0.0,1.0,4.0,476.0,216.0,153.0,56.68333088307355,2448.0,3.886310700127223,16,1.0,72.0,216.0,16.0,6.0,3.872983346207417,0.11764705882352941,0.5735294117647058,69.0,4.0588235294117645,0.4057971014492754,408.0,65.0,0.8571428571428571,136.0,1.0,1.0,1.0,1.0,0.0,0.0,0.0,0.0,0.0,16.0,16.0,0.0,16.0,16.0,16.0,16.0,4.087462841250339,16.0,0.0,16.0,16.0,16.0,16.0,16.0,72.0,72.0,72.0,816.0,816.0,816.0,8.0,72.0,8.5,48.0,48.0,0.0,48.0,48.0,48.0,48.0,3.0,3.0,0.0,1.0,1.0,5.168395138658664,2.030962294575087,0.03228570173260259,6.952291795518721,464.0,2.6298619257211424,28.0,24.0,12.705882352941176,6.1675164908883415,2.8903717578961645,5.37989735354046,Portfolio_QAOA,Portfolio_QAOA,0.0,0.0,2.6546128906557014,1.1688617788487647,0.0010995106281221476
portfolioqaoa_indep_qiskit_17.qasm,GPU,double,16,0.9941440214122096,4,61.8806055999994,16,8952,884.96484375,0.003838490019001892,23.495705409980477,23.49954389999948,871.625,0.00014887917293587762,5.740109899999879,847.21484375,1.3426766129891873e-05,7.28501580000011,877.76953125,0.05219275142085813,14.286129399999481,879.4609375,0.6325058211767582,18.766477799999848,881.140625,0.9941440214122096,29.89534789999925,884.40234375,,,,,,,,,,,,,,,,1.3426766129891873e-05,0.9941440214122096,5,0.00014887917293587762,4,0.5803130697559001,8,1.0,17,34,1,2,0.0,0.0,0.0,0.0,0.0,0.0,408.0,0.8571428571428571,0.0,0.0,0.0,0.0,0.0,0.0,0.0,0.0,0.0,0.0,0.0,0.0,0.0,0.0,0.0,0.0,0.0,0.0,17.0,0.03571428571428571,0.0,0.0,0.0,0.0,0.0,0.0,0.0,0.0,0.0,0.0,17.0,0.03571428571428571,34.0,0.07142857142857142,0.0,0.0,0.0,0.0,0.0,0.0,0.0,0.0,0.0,0.0,0.0,0.0,0.0,0.0,0.0,0.0,0.0,0.0,0.0,0.0,0.0,0.0,0.0,0.0,0.0,0.0,68.0,408.0,0.0,476.0,0.8571428571428571,0.0,1.0,4.0,476.0,216.0,153.0,56.68333088307355,2448.0,3.886310700127223,16,1.0,72.0,216.0,16.0,6.0,3.872983346207417,0.11764705882352941,0.5735294117647058,69.0,4.0588235294117645,0.4057971014492754,408.0,65.0,0.8571428571428571,136.0,1.0,1.0,1.0,1.0,0.0,0.0,0.0,0.0,0.0,16.0,16.0,0.0,16.0,16.0,16.0,16.0,4.087462841250339,16.0,0.0,16.0,16.0,16.0,16.0,16.0,72.0,72.0,72.0,816.0,816.0,816.0,8.0,72.0,8.5,48.0,48.0,0.0,48.0,48.0,48.0,48.0,3.0,3.0,0.0,1.0,1.0,5.168395138658664,2.030962294575087,0.03228570173260259,6.952291795518721,464.0,2.6298619257211424,28.0,24.0,12.705882352941176,6.1675164908883415,2.8903717578961645,5.37989735354046,Portfolio_QAOA,Portfolio_QAOA,1.0,1.0,4.14123777911782,3.198497812797149,0.00383114181419348
portfolioqaoa_indep_qiskit_17.qasm,GPU,single,16,0.994155308256663,4,23.94955200000004,16,8979,517.44921875,0.0011399665266527636,12.549886733472404,12.551026699999056,504.3671875,0.00014886411009875245,5.274697800001377,480.84765625,1.3395469265474057e-05,7.078062099999443,511.0625,0.05210703711598108,9.453463899999406,512.3125,0.6345303740262441,11.696499099998618,514.7109375,0.994155308256663,16.646296700000676,517.31640625,,,,,,,,,,,,,,,,1.3395469265474057e-05,0.994155308256663,5,0.00014886411009875245,4,0.582423336910263,8,0.99,17,34,1,2,0.0,0.0,0.0,0.0,0.0,0.0,408.0,0.8571428571428571,0.0,0.0,0.0,0.0,0.0,0.0,0.0,0.0,0.0,0.0,0.0,0.0,0.0,0.0,0.0,0.0,0.0,0.0,17.0,0.03571428571428571,0.0,0.0,0.0,0.0,0.0,0.0,0.0,0.0,0.0,0.0,17.0,0.03571428571428571,34.0,0.07142857142857142,0.0,0.0,0.0,0.0,0.0,0.0,0.0,0.0,0.0,0.0,0.0,0.0,0.0,0.0,0.0,0.0,0.0,0.0,0.0,0.0,0.0,0.0,0.0,0.0,0.0,0.0,68.0,408.0,0.0,476.0,0.8571428571428571,0.0,1.0,4.0,476.0,216.0,153.0,56.68333088307355,2448.0,3.886310700127223,16,1.0,72.0,216.0,16.0,6.0,3.872983346207417,0.11764705882352941,0.5735294117647058,69.0,4.0588235294117645,0.4057971014492754,408.0,65.0,0.8571428571428571,136.0,1.0,1.0,1.0,1.0,0.0,0.0,0.0,0.0,0.0,16.0,16.0,0.0,16.0,16.0,16.0,16.0,4.087462841250339,16.0,0.0,16.0,16.0,16.0,16.0,16.0,72.0,72.0,72.0,816.0,816.0,816.0,8.0,72.0,8.5,48.0,48.0,0.0,48.0,48.0,48.0,48.0,3.0,3.0,0.0,1.0,1.0,5.168395138658664,2.030962294575087,0.03228570173260259,6.952291795518721,464.0,2.6298619257211424,28.0,24.0,12.705882352941176,6.1675164908883415,2.8903717578961645,5.37989735354046,Portfolio_QAOA,Portfolio_QAOA,1.0,0.0,3.2168558661244964,2.6063781881374437,0.0011393172581945128
portfoliovqe_indep_qiskit_10.qasm,CPU,double,16,1.0000000000017883,4,11.89738000000034,16,691,427.26953125,0.0011674108210821643,0.22327178917869664,0.2244391999997788,418.48046875,0.10981981385077373,0.25855289999981323,426.4765625,0.09259853382035173,0.2473282000000836,426.9140625,0.4268442587427815,0.22646190000023125,426.59765625,0.8540713466085254,0.26470930000004955,426.85546875,1.0000000000017883,0.23857619999989765,427.109375,,,,,,,,,,,,,,,,0.09259853382035173,1.0000000000017883,5,0.10981981385077373,4,0.42722708786574387,8,1.0,10,10,1,1,0.0,0.0,135.0,0.7714285714285715,0.0,0.0,0.0,0.0,0.0,0.0,0.0,0.0,0.0,0.0,0.0,0.0,0.0,0.0,0.0,0.0,0.0,0.0,0.0,0.0,0.0,0.0,0.0,0.0,40.0,0.22857142857142856,0.0,0.0,0.0,0.0,0.0,0.0,0.0,0.0,0.0,0.0,0.0,0.0,0.0,0.0,0.0,0.0,0.0,0.0,0.0,0.0,0.0,0.0,0.0,0.0,0.0,0.0,0.0,0.0,0.0,0.0,0.0,0.0,0.0,0.0,0.0,0.0,0.0,0.0,40.0,135.0,0.0,40.0,0.7714285714285715,0.0,0.22857142857142856,2.0,175.0,75.0,55.0,17.549928774784245,495.0,3.0892883562964024,9,1.0,25.0,75.0,9.0,3.6666666666666665,2.211083193570267,0.2,0.6222222222222222,41.0,4.1,0.4268292682926829,135.0,37.0,0.7714285714285715,45.0,1.0,1.0,1.0,1.0,0.0,0.0,0.0,0.0,0.0,9.0,9.0,0.0,9.0,9.0,9.0,9.0,3.321928094887362,9.0,0.0,9.0,9.0,9.0,9.0,9.0,25.0,25.0,25.0,165.0,165.0,165.0,5.0,25.0,5.0,27.0,27.0,0.0,27.0,27.0,27.0,27.0,3.0,3.0,0.0,1.0,1.0,2.880782346246261,2.0467806087071447,0.07753339076125432,7.203970483266437,40.0,3.7775671571169287,17.5,13.5,7.5,5.170483995038151,2.3978952727983707,4.330733340286331,Portfolio_VQE,Portfolio_VQE,0.0,1.0,2.5570241899647033,0.201529063559578,0.0011667299269401796
portfoliovqe_indep_qiskit_10.qasm,CPU,single,16,1.0000002384185933,4,4.8081145999999535,16,693,427.37109375,0.0004553423542353904,0.2546910576460498,0.2551464000002852,418.28515625,0.10981980180269435,0.22280869999985953,426.5,0.09259849621034633,0.20852670000022044,426.3125,0.4268437860703358,0.21895739999990838,426.6953125,0.8541045428845706,0.25844340000003285,426.97265625,1.0000002384185933,0.2456619999998111,426.9921875,,,,,,,,,,,,,,,,0.09259849621034633,1.0000002384185933,5,0.10981980180269435,4,0.4272607568142348,8,1.0,10,10,1,1,0.0,0.0,135.0,0.7714285714285715,0.0,0.0,0.0,0.0,0.0,0.0,0.0,0.0,0.0,0.0,0.0,0.0,0.0,0.0,0.0,0.0,0.0,0.0,0.0,0.0,0.0,0.0,0.0,0.0,40.0,0.22857142857142856,0.0,0.0,0.0,0.0,0.0,0.0,0.0,0.0,0.0,0.0,0.0,0.0,0.0,0.0,0.0,0.0,0.0,0.0,0.0,0.0,0.0,0.0,0.0,0.0,0.0,0.0,0.0,0.0,0.0,0.0,0.0,0.0,0.0,0.0,0.0,0.0,0.0,0.0,40.0,135.0,0.0,40.0,0.7714285714285715,0.0,0.22857142857142856,2.0,175.0,75.0,55.0,17.549928774784245,495.0,3.0892883562964024,9,1.0,25.0,75.0,9.0,3.6666666666666665,2.211083193570267,0.2,0.6222222222222222,41.0,4.1,0.4268292682926829,135.0,37.0,0.7714285714285715,45.0,1.0,1.0,1.0,1.0,0.0,0.0,0.0,0.0,0.0,9.0,9.0,0.0,9.0,9.0,9.0,9.0,3.321928094887362,9.0,0.0,9.0,9.0,9.0,9.0,9.0,25.0,25.0,25.0,165.0,165.0,165.0,5.0,25.0,5.0,27.0,27.0,0.0,27.0,27.0,27.0,27.0,3.0,3.0,0.0,1.0,1.0,2.880782346246261,2.0467806087071447,0.07753339076125432,7.203970483266437,40.0,3.7775671571169287,17.5,13.5,7.5,5.170483995038151,2.3978952727983707,4.330733340286331,Portfolio_VQE,Portfolio_VQE,0.0,0.0,1.759256008732784,0.22688937307279985,0.00045523871736458777
portfoliovqe_indep_qiskit_10.qasm,GPU,double,16,1.0000000000000564,4,14.132609499999944,16,692,876.8125,0.0011469916991699118,2.662692508300825,2.6638394999999946,864.41015625,0.10981981385077502,1.1379420000002938,841.96875,0.0925985311821736,1.621062300000176,872.59765625,0.4268446315547834,2.4877111000000696,873.4140625,0.8540713665993943,4.0871641000003365,873.9765625,1.0000000000000564,4.0507666000003155,874.07421875,,,,,,,,,,,,,,,,0.0925985311821736,1.0000000000000564,5,0.10981981385077502,4,0.4272267350446109,8,1.0,10,10,1,1,0.0,0.0,135.0,0.7714285714285715,0.0,0.0,0.0,0.0,0.0,0.0,0.0,0.0,0.0,0.0,0.0,0.0,0.0,0.0,0.0,0.0,0.0,0.0,0.0,0.0,0.0,0.0,0.0,0.0,40.0,0.22857142857142856,0.0,0.0,0.0,0.0,0.0,0.0,0.0,0.0,0.0,0.0,0.0,0.0,0.0,0.0,0.0,0.0,0.0,0.0,0.0,0.0,0.0,0.0,0.0,0.0,0.0,0.0,0.0,0.0,0.0,0.0,0.0,0.0,0.0,0.0,0.0,0.0,0.0,0.0,40.0,135.0,0.0,40.0,0.7714285714285715,0.0,0.22857142857142856,2.0,175.0,75.0,55.0,17.549928774784245,495.0,3.0892883562964024,9,1.0,25.0,75.0,9.0,3.6666666666666665,2.211083193570267,0.2,0.6222222222222222,41.0,4.1,0.4268292682926829,135.0,37.0,0.7714285714285715,45.0,1.0,1.0,1.0,1.0,0.0,0.0,0.0,0.0,0.0,9.0,9.0,0.0,9.0,9.0,9.0,9.0,3.321928094887362,9.0,0.0,9.0,9.0,9.0,9.0,9.0,25.0,25.0,25.0,165.0,165.0,165.0,5.0,25.0,5.0,27.0,27.0,0.0,27.0,27.0,27.0,27.0,3.0,3.0,0.0,1.0,1.0,2.880782346246261,2.0467806087071447,0.07753339076125432,7.203970483266437,40.0,3.7775671571169287,17.5,13.5,7.5,5.170483995038151,2.3978952727983707,4.330733340286331,Portfolio_VQE,Portfolio_VQE,1.0,1.0,2.716851984838803,1.2981985349552518,0.0011463344067488856
portfoliovqe_indep_qiskit_10.qasm,GPU,single,16,1.0,4,5.741111700000147,16,694,508.7421875,0.0004485175517551776,1.2559361824483708,1.256384700000126,497.46875,0.10981948576411416,0.9924766999997701,475.93359375,0.09259905847971428,1.446721300000263,506.05859375,0.42684503220472436,1.7794992999997703,506.63671875,0.854063229418589,2.0008456999999,506.8515625,1.0,1.8965431000001445,506.43359375,,,,,,,,,,,,,,,,0.09259905847971428,1.0,5,0.10981948576411416,4,0.42721819721386467,8,1.0,10,10,1,1,0.0,0.0,135.0,0.7714285714285715,0.0,0.0,0.0,0.0,0.0,0.0,0.0,0.0,0.0,0.0,0.0,0.0,0.0,0.0,0.0,0.0,0.0,0.0,0.0,0.0,0.0,0.0,0.0,0.0,40.0,0.22857142857142856,0.0,0.0,0.0,0.0,0.0,0.0,0.0,0.0,0.0,0.0,0.0,0.0,0.0,0.0,0.0,0.0,0.0,0.0,0.0,0.0,0.0,0.0,0.0,0.0,0.0,0.0,0.0,0.0,0.0,0.0,0.0,0.0,0.0,0.0,0.0,0.0,0.0,0.0,40.0,135.0,0.0,40.0,0.7714285714285715,0.0,0.22857142857142856,2.0,175.0,75.0,55.0,17.549928774784245,495.0,3.0892883562964024,9,1.0,25.0,75.0,9.0,3.6666666666666665,2.211083193570267,0.2,0.6222222222222222,41.0,4.1,0.4268292682926829,135.0,37.0,0.7714285714285715,45.0,1.0,1.0,1.0,1.0,0.0,0.0,0.0,0.0,0.0,9.0,9.0,0.0,9.0,9.0,9.0,9.0,3.321928094887362,9.0,0.0,9.0,9.0,9.0,9.0,9.0,25.0,25.0,25.0,165.0,165.0,165.0,5.0,25.0,5.0,27.0,27.0,0.0,27.0,27.0,27.0,27.0,3.0,3.0,0.0,1.0,1.0,2.880782346246261,2.0467806087071447,0.07753339076125432,7.203970483266437,40.0,3.7775671571169287,17.5,13.5,7.5,5.170483995038151,2.3978952727983707,4.330733340286331,Portfolio_VQE,Portfolio_VQE,1.0,0.0,1.9082248519758425,0.8135650453138802,0.0004484169978237399
portfoliovqe_indep_qiskit_18.qasm,CPU,double,16,1.0000000000226552,4,37.96107890000076,16,6811,428.2890625,0.003721516321632188,0.7459156836788745,0.7496372000005067,418.8359375,0.01163897392944098,0.25589099999979226,427.10546875,0.0006639015632541198,0.3530743999999686,427.5390625,0.0008170154725830776,0.4721922999997332,427.62109375,0.3991993559202103,0.7670493999994505,427.6796875,1.0000000000226552,1.0796383000006244,427.4921875,,,,,,,,,,,,,,,,0.0006639015632541198,1.0000000000226552,5,0.01163897392944098,4,0.6008006441024449,16,1.0,18,18,1,1,0.0,0.0,459.0,0.864406779661017,0.0,0.0,0.0,0.0,0.0,0.0,0.0,0.0,0.0,0.0,0.0,0.0,0.0,0.0,0.0,0.0,0.0,0.0,0.0,0.0,0.0,0.0,0.0,0.0,72.0,0.13559322033898305,0.0,0.0,0.0,0.0,0.0,0.0,0.0,0.0,0.0,0.0,0.0,0.0,0.0,0.0,0.0,0.0,0.0,0.0,0.0,0.0,0.0,0.0,0.0,0.0,0.0,0.0,0.0,0.0,0.0,0.0,0.0,0.0,0.0,0.0,0.0,0.0,0.0,0.0,72.0,459.0,0.0,72.0,0.864406779661017,0.0,0.13559322033898305,2.0,531.0,243.0,171.0,64.06246951218786,2907.0,3.9707524889272854,17,1.0,81.0,243.0,17.0,6.333333333333333,4.109609335312651,0.1111111111111111,0.5947712418300654,73.0,4.055555555555555,0.4041095890410959,459.0,69.0,0.864406779661017,153.0,1.0,1.0,1.0,1.0,0.0,0.0,0.0,0.0,0.0,17.0,17.0,0.0,17.0,17.0,17.0,17.0,4.169925001442312,17.0,0.0,17.0,17.0,17.0,17.0,17.0,81.0,81.0,81.0,969.0,969.0,969.0,9.0,81.0,9.0,51.0,51.0,0.0,51.0,51.0,51.0,51.0,3.0,3.0,0.0,1.0,1.0,3.3397141008933087,1.8044888611451209,0.03715759052179912,6.867098657608981,72.0,4.159354434564429,29.5,25.5,13.5,6.2766434893416445,2.9444389791664403,5.497168225293202,Portfolio_VQE,Portfolio_VQE,0.0,1.0,3.662563170896057,0.5572791651166908,0.0037146086125630115
portfoliovqe_indep_qiskit_18.qasm,CPU,single,16,0.9999996423721633,4,14.044175900000482,16,6921,429.90234375,0.0012348045904590655,1.6961299954098277,1.6973648000002868,419.42578125,0.011638940789161778,0.2256266999993386,427.48828125,0.0006630141555985652,0.34910039999977016,427.55859375,0.0010221565215851186,0.40420300000005227,427.359375,0.39922086988758565,0.6650264999998399,427.6015625,0.9999996423721633,2.235620399999789,428.9921875,,,,,,,,,,,,,,,,0.0006630141555985652,0.9999996423721633,5,0.011638940789161778,4,0.6007787724845777,16,1.0,18,18,1,1,0.0,0.0,459.0,0.864406779661017,0.0,0.0,0.0,0.0,0.0,0.0,0.0,0.0,0.0,0.0,0.0,0.0,0.0,0.0,0.0,0.0,0.0,0.0,0.0,0.0,0.0,0.0,0.0,0.0,72.0,0.13559322033898305,0.0,0.0,0.0,0.0,0.0,0.0,0.0,0.0,0.0,0.0,0.0,0.0,0.0,0.0,0.0,0.0,0.0,0.0,0.0,0.0,0.0,0.0,0.0,0.0,0.0,0.0,0.0,0.0,0.0,0.0,0.0,0.0,0.0,0.0,0.0,0.0,0.0,0.0,72.0,459.0,0.0,72.0,0.864406779661017,0.0,0.13559322033898305,2.0,531.0,243.0,171.0,64.06246951218786,2907.0,3.9707524889272854,17,1.0,81.0,243.0,17.0,6.333333333333333,4.109609335312651,0.1111111111111111,0.5947712418300654,73.0,4.055555555555555,0.4041095890410959,459.0,69.0,0.864406779661017,153.0,1.0,1.0,1.0,1.0,0.0,0.0,0.0,0.0,0.0,17.0,17.0,0.0,17.0,17.0,17.0,17.0,4.169925001442312,17.0,0.0,17.0,17.0,17.0,17.0,17.0,81.0,81.0,81.0,969.0,969.0,969.0,9.0,81.0,9.0,51.0,51.0,0.0,51.0,51.0,51.0,51.0,3.0,3.0,0.0,1.0,1.0,3.3397141008933087,1.8044888611451209,0.03715759052179912,6.867098657608981,72.0,4.159354434564429,29.5,25.5,13.5,6.2766434893416445,2.9444389791664403,5.497168225293202,Portfolio_VQE,Portfolio_VQE,0.0,0.0,2.7109909329088175,0.9918174097695994,0.0012340428462764151
portfoliovqe_indep_qiskit_18.qasm,GPU,double,16,0.9999999999997737,4,53.10907969999971,16,6782,879.89453125,0.003940609470947023,13.702984990529485,13.706925600000432,867.578125,0.011638973929441174,6.258689500000401,843.2578125,0.0006634947580475439,8.017148300000372,875.1484375,0.000818694286374151,15.114187000000129,876.73828125,0.39919958010921414,17.539762299999893,877.5703125,0.9999999999997737,17.819490900000346,878.2421875,,,,,,,,,,,,,,,,0.0006634947580475439,0.9999999999997737,5,0.011638973929441174,4,0.6008004198905597,16,1.0,18,18,1,1,0.0,0.0,459.0,0.864406779661017,0.0,0.0,0.0,0.0,0.0,0.0,0.0,0.0,0.0,0.0,0.0,0.0,0.0,0.0,0.0,0.0,0.0,0.0,0.0,0.0,0.0,0.0,0.0,0.0,72.0,0.13559322033898305,0.0,0.0,0.0,0.0,0.0,0.0,0.0,0.0,0.0,0.0,0.0,0.0,0.0,0.0,0.0,0.0,0.0,0.0,0.0,0.0,0.0,0.0,0.0,0.0,0.0,0.0,0.0,0.0,0.0,0.0,0.0,0.0,0.0,0.0,0.0,0.0,0.0,0.0,72.0,459.0,0.0,72.0,0.864406779661017,0.0,0.13559322033898305,2.0,531.0,243.0,171.0,64.06246951218786,2907.0,3.9707524889272854,17,1.0,81.0,243.0,17.0,6.333333333333333,4.109609335312651,0.1111111111111111,0.5947712418300654,73.0,4.055555555555555,0.4041095890410959,459.0,69.0,0.864406779661017,153.0,1.0,1.0,1.0,1.0,0.0,0.0,0.0,0.0,0.0,17.0,17.0,0.0,17.0,17.0,17.0,17.0,4.169925001442312,17.0,0.0,17.0,17.0,17.0,17.0,17.0,81.0,81.0,81.0,969.0,969.0,969.0,9.0,81.0,9.0,51.0,51.0,0.0,51.0,51.0,51.0,51.0,3.0,3.0,0.0,1.0,1.0,3.3397141008933087,1.8044888611451209,0.03715759052179912,6.867098657608981,72.0,4.159354434564429,29.5,25.5,13.5,6.2766434893416445,2.9444389791664403,5.497168225293202,Portfolio_VQE,Portfolio_VQE,1.0,1.0,3.9910020035632265,2.6880505337509186,0.0039328656064763386
portfoliovqe_indep_qiskit_18.qasm,GPU,single,16,1.0000002384185933,4,21.927516199999445,16,6925,515.08203125,0.0012403196119611048,9.524320080388398,9.525560400000359,500.56640625,0.011638993839881095,5.294392799999514,477.171875,0.000662787030033099,7.394789599999967,507.73828125,0.0008267892806790855,9.652887799999917,509.5078125,0.3991995542976703,11.61492300000009,510.84765625,1.0000002384185933,12.553283299999748,510.90234375,,,,,,,,,,,,,,,,0.000662787030033099,1.0000002384185933,5,0.011638993839881095,4,0.600800684120923,16,1.0,18,18,1,1,0.0,0.0,459.0,0.864406779661017,0.0,0.0,0.0,0.0,0.0,0.0,0.0,0.0,0.0,0.0,0.0,0.0,0.0,0.0,0.0,0.0,0.0,0.0,0.0,0.0,0.0,0.0,0.0,0.0,72.0,0.13559322033898305,0.0,0.0,0.0,0.0,0.0,0.0,0.0,0.0,0.0,0.0,0.0,0.0,0.0,0.0,0.0,0.0,0.0,0.0,0.0,0.0,0.0,0.0,0.0,0.0,0.0,0.0,0.0,0.0,0.0,0.0,0.0,0.0,0.0,0.0,0.0,0.0,0.0,0.0,72.0,459.0,0.0,72.0,0.864406779661017,0.0,0.13559322033898305,2.0,531.0,243.0,171.0,64.06246951218786,2907.0,3.9707524889272854,17,1.0,81.0,243.0,17.0,6.333333333333333,4.109609335312651,0.1111111111111111,0.5947712418300654,73.0,4.055555555555555,0.4041095890410959,459.0,69.0,0.864406779661017,153.0,1.0,1.0,1.0,1.0,0.0,0.0,0.0,0.0,0.0,17.0,17.0,0.0,17.0,17.0,17.0,17.0,4.169925001442312,17.0,0.0,17.0,17.0,17.0,17.0,17.0,81.0,81.0,81.0,969.0,969.0,969.0,9.0,81.0,9.0,51.0,51.0,0.0,51.0,51.0,51.0,51.0,3.0,3.0,0.0,1.0,1.0,3.3397141008933087,1.8044888611451209,0.03715759052179912,6.867098657608981,72.0,4.159354434564429,29.5,25.5,13.5,6.2766434893416445,2.9444389791664403,5.497168225293202,Portfolio_VQE,Portfolio_VQE,1.0,0.0,3.132337770025762,2.35368877704359,0.001239551051033016
pricingcall_indep_qiskit_17.qasm,CPU,double,8,0.9972381604955225,3,25.74801750000006,8,461,428.88671875,0.0025505642064207086,0.24237543579297485,0.24492599999939557,419.21875,0.0,0.3434075999994093,429.0078125,0.061234363634241416,0.3931925000015326,428.88671875,0.4419899748568723,0.4828319999996893,429.05859375,0.9972381604955225,0.6443184999989171,429.265625,,,,,,,,,,,,,,,,,,,0.0,0.9972381604955225,4,0.0,3,0.5552481856386502,8,1.0,17,17,1,1,288.0,0.43636363636363634,0.0,0.0,0.0,0.0,0.0,0.0,0.0,0.0,0.0,0.0,42.0,0.06363636363636363,0.0,0.0,0.0,0.0,0.0,0.0,32.0,0.048484848484848485,0.0,0.0,0.0,0.0,0.0,0.0,256.0,0.3878787878787879,0.0,0.0,0.0,0.0,33.0,0.05,0.0,0.0,0.0,0.0,1.0,0.0015151515151515152,0.0,0.0,0.0,0.0,0.0,0.0,0.0,0.0,0.0,0.0,0.0,0.0,0.0,0.0,0.0,0.0,0.0,0.0,8.0,0.012121212121212121,0.0,0.0,0.0,0.0,0.0,0.0,322.0,296.0,42.0,298.0,0.4484848484848485,0.06363636363636363,0.45151515151515154,7.0,660.0,146.0,78.5,41.991070479329295,1256.0,3.7681606773323475,16,1.0,34.0,146.0,10.0,2.976303317535545,2.878982110626346,0.48578199052132703,0.20853080568720378,609.0,35.8235294117647,0.06374963778614894,338.0,301.0,0.5121212121212121,65.0,0.47794117647058826,1.0,1.0,0.7123588829471182,0.0,0.0,0.0,0.0,0.0,11.0,7.647058823529412,3.377105904566429,2.0,9.0,4.0,11.0,3.931447053384066,9.0,0.0,9.0,9.0,10.0,10.0,10.0,34.0,32.0,32.0,301.0,279.0,279.0,7.0,29.0,4.333333333333333,141.0,49.64705882352941,42.54954368521558,8.0,27.0,16.0,74.0,64.0,6.492307692307692,0.0,0.0,0.0,0.06992530588603402,0.3369003518744518,0.0,3.141592653589793,259.0,0.472970384184175,38.8235294117647,19.88235294117647,8.588235294117647,6.493753839851687,2.8903717578961645,4.990432586778736,Pricing_Call,Pricing_Call,0.0,1.0,3.286460358446044,0.21702522108007294,0.0025473170377712925
pricingcall_indep_qiskit_17.qasm,CPU,single,8,0.9972395899541225,3,8.654724799998803,8,448,428.14453125,0.0008423819881988541,0.23090491801026136,0.23174729999846022,418.83203125,0.0,0.28946130000076664,428.37109375,0.06123733301036939,0.29784289999952307,428.859375,0.417418541277114,0.32711340000059863,428.953125,0.9972395899541225,0.3968473000004451,428.93359375,,,,,,,,,,,,,,,,,,,0.0,0.9972395899541225,4,0.0,3,0.5798210486770086,8,1.0,17,17,1,1,288.0,0.43636363636363634,0.0,0.0,0.0,0.0,0.0,0.0,0.0,0.0,0.0,0.0,42.0,0.06363636363636363,0.0,0.0,0.0,0.0,0.0,0.0,32.0,0.048484848484848485,0.0,0.0,0.0,0.0,0.0,0.0,256.0,0.3878787878787879,0.0,0.0,0.0,0.0,33.0,0.05,0.0,0.0,0.0,0.0,1.0,0.0015151515151515152,0.0,0.0,0.0,0.0,0.0,0.0,0.0,0.0,0.0,0.0,0.0,0.0,0.0,0.0,0.0,0.0,0.0,0.0,8.0,0.012121212121212121,0.0,0.0,0.0,0.0,0.0,0.0,322.0,296.0,42.0,298.0,0.4484848484848485,0.06363636363636363,0.45151515151515154,7.0,660.0,146.0,78.5,41.991070479329295,1256.0,3.7681606773323475,16,1.0,34.0,146.0,10.0,2.976303317535545,2.878982110626346,0.48578199052132703,0.20853080568720378,609.0,35.8235294117647,0.06374963778614894,338.0,301.0,0.5121212121212121,65.0,0.47794117647058826,1.0,1.0,0.7123588829471182,0.0,0.0,0.0,0.0,0.0,11.0,7.647058823529412,3.377105904566429,2.0,9.0,4.0,11.0,3.931447053384066,9.0,0.0,9.0,9.0,10.0,10.0,10.0,34.0,32.0,32.0,301.0,279.0,279.0,7.0,29.0,4.333333333333333,141.0,49.64705882352941,42.54954368521558,8.0,27.0,16.0,74.0,64.0,6.492307692307692,0.0,0.0,0.0,0.06992530588603402,0.3369003518744518,0.0,3.141592653589793,259.0,0.472970384184175,38.8235294117647,19.88235294117647,8.588235294117647,6.493753839851687,2.8903717578961645,4.990432586778736,Pricing_Call,Pricing_Call,0.0,0.0,2.2674474121079937,0.20774960458495106,0.0008420273836195338
pricingcall_indep_qiskit_17.qasm,GPU,double,8,0.9972379797689478,3,26.624589600000036,8,471,878.32421875,0.0022243860086008788,4.3807295139912465,4.382953899999848,867.4765625,2.9144523388538183e-33,3.2734727000006387,845.375,0.061234393762555246,4.712218700000449,876.484375,0.4419887171336876,8.94736340000054,878.37890625,0.9972379797689478,14.119655100001182,879.73046875,,,,,,,,,,,,,,,,,,,2.9144523388538183e-33,0.9972379797689478,4,2.9144523388538183e-33,3,0.5552492626352602,8,0.99,17,17,1,1,288.0,0.43636363636363634,0.0,0.0,0.0,0.0,0.0,0.0,0.0,0.0,0.0,0.0,42.0,0.06363636363636363,0.0,0.0,0.0,0.0,0.0,0.0,32.0,0.048484848484848485,0.0,0.0,0.0,0.0,0.0,0.0,256.0,0.3878787878787879,0.0,0.0,0.0,0.0,33.0,0.05,0.0,0.0,0.0,0.0,1.0,0.0015151515151515152,0.0,0.0,0.0,0.0,0.0,0.0,0.0,0.0,0.0,0.0,0.0,0.0,0.0,0.0,0.0,0.0,0.0,0.0,8.0,0.012121212121212121,0.0,0.0,0.0,0.0,0.0,0.0,322.0,296.0,42.0,298.0,0.4484848484848485,0.06363636363636363,0.45151515151515154,7.0,660.0,146.0,78.5,41.991070479329295,1256.0,3.7681606773323475,16,1.0,34.0,146.0,10.0,2.976303317535545,2.878982110626346,0.48578199052132703,0.20853080568720378,609.0,35.8235294117647,0.06374963778614894,338.0,301.0,0.5121212121212121,65.0,0.47794117647058826,1.0,1.0,0.7123588829471182,0.0,0.0,0.0,0.0,0.0,11.0,7.647058823529412,3.377105904566429,2.0,9.0,4.0,11.0,3.931447053384066,9.0,0.0,9.0,9.0,10.0,10.0,10.0,34.0,32.0,32.0,301.0,279.0,279.0,7.0,29.0,4.333333333333333,141.0,49.64705882352941,42.54954368521558,8.0,27.0,16.0,74.0,64.0,6.492307692307692,0.0,0.0,0.0,0.06992530588603402,0.3369003518744518,0.0,3.141592653589793,259.0,0.472970384184175,38.8235294117647,19.88235294117647,8.588235294117647,6.493753839851687,2.8903717578961645,4.990432586778736,Pricing_Call,Pricing_Call,1.0,1.0,3.318706303618968,1.6828239623773396,0.002221915724608448
pricingcall_indep_qiskit_17.qasm,GPU,single,8,0.9972357805616822,3,12.032248100000288,8,471,513.078125,0.0009392711771178143,2.639536328822145,2.640475599999263,500.42578125,1.9075217542234015e-16,2.871953300000314,478.953125,0.061234412576226166,3.9879921000010654,509.71875,0.44199274662706073,4.8598627999999735,512.06640625,0.9972357805616822,5.615355500000078,512.3359375,,,,,,,,,,,,,,,,,,,1.9075217542234015e-16,0.9972357805616822,4,1.9075217542234015e-16,3,0.5552430339346215,8,0.995,17,17,1,1,288.0,0.43636363636363634,0.0,0.0,0.0,0.0,0.0,0.0,0.0,0.0,0.0,0.0,42.0,0.06363636363636363,0.0,0.0,0.0,0.0,0.0,0.0,32.0,0.048484848484848485,0.0,0.0,0.0,0.0,0.0,0.0,256.0,0.3878787878787879,0.0,0.0,0.0,0.0,33.0,0.05,0.0,0.0,0.0,0.0,1.0,0.0015151515151515152,0.0,0.0,0.0,0.0,0.0,0.0,0.0,0.0,0.0,0.0,0.0,0.0,0.0,0.0,0.0,0.0,0.0,0.0,8.0,0.012121212121212121,0.0,0.0,0.0,0.0,0.0,0.0,322.0,296.0,42.0,298.0,0.4484848484848485,0.06363636363636363,0.45151515151515154,7.0,660.0,146.0,78.5,41.991070479329295,1256.0,3.7681606773323475,16,1.0,34.0,146.0,10.0,2.976303317535545,2.878982110626346,0.48578199052132703,0.20853080568720378,609.0,35.8235294117647,0.06374963778614894,338.0,301.0,0.5121212121212121,65.0,0.47794117647058826,1.0,1.0,0.7123588829471182,0.0,0.0,0.0,0.0,0.0,11.0,7.647058823529412,3.377105904566429,2.0,9.0,4.0,11.0,3.931447053384066,9.0,0.0,9.0,9.0,10.0,10.0,10.0,34.0,32.0,32.0,301.0,279.0,279.0,7.0,29.0,4.333333333333333,141.0,49.64705882352941,42.54954368521558,8.0,27.0,16.0,74.0,64.0,6.492307692307692,0.0,0.0,0.0,0.06992530588603402,0.3369003518744518,0.0,3.141592653589793,259.0,0.472970384184175,38.8235294117647,19.88235294117647,8.588235294117647,6.493753839851687,2.8903717578961645,4.990432586778736,Pricing_Call,Pricing_Call,1.0,0.0,2.567426908871773,1.2918562913431304,0.0009388303379691403
qaoa_indep_qiskit_16.qasm,CPU,double,1,1.0000000000000075,0,13.572396400000116,1,9305,425.80078125,0.0013362175917592028,0.2102204824080872,0.2115566999998464,417.97265625,1.0000000000000075,0.41627360000006774,426.46875,,,,,,,,,,,,,,,,,,,,,,,,,,,,1.0000000000000075,1.0000000000000075,1,1.0000000000000075,0,0.0,1,1.0,16,16,1,1,0.0,0.0,0.0,0.0,0.0,0.0,32.0,0.4,0.0,0.0,0.0,0.0,0.0,0.0,0.0,0.0,0.0,0.0,16.0,0.2,0.0,0.0,0.0,0.0,0.0,0.0,32.0,0.4,0.0,0.0,0.0,0.0,0.0,0.0,0.0,0.0,0.0,0.0,0.0,0.0,0.0,0.0,0.0,0.0,0.0,0.0,0.0,0.0,0.0,0.0,0.0,0.0,0.0,0.0,0.0,0.0,0.0,0.0,0.0,0.0,0.0,0.0,0.0,0.0,0.0,0.0,0.0,0.0,48.0,32.0,0.0,64.0,0.4,0.0,0.8,3.0,80.0,16.0,11.466666666666667,4.096611065529924,172.0,3.8036034172412294,15,1.0,8.0,16.0,12.0,5.375,3.4437443284889775,0.1875,0.625,10.0,0.625,0.5,32.0,30.0,0.4,16.0,0.13333333333333333,2.0,0.8125,0.1875,0.0,0.0,0.0,0.0,0.0,2.0,2.0,0.0,2.0,2.0,2.0,2.0,4.0,2.0,0.0,2.0,2.0,12.0,7.0,7.0,8.0,2.0,2.0,86.0,28.0,28.0,2.0,4.0,1.2307692307692308,4.0,4.0,0.0,4.0,4.0,4.0,4.0,2.0,2.0,0.0,0.0,0.0,4.249406594258002,2.6619119851992505,0.6447144083280618,8.135503182921791,4.0,2.0,5.0,2.0,1.0,4.394449154672439,2.833213344056216,2.833213344056216,QAOA,QAOA,0.0,1.0,2.679129081631124,0.19080255987536077,0.0013353256474989354
qaoa_indep_qiskit_16.qasm,CPU,single,1,0.9999983310707101,0,3.692293900000095,1,9238,426.5859375,0.00034832293229324274,0.2090645770676679,0.20941289999996116,417.62109375,0.9999983310707101,0.2380504000000201,426.234375,,,,,,,,,,,,,,,,,,,,,,,,,,,,0.9999983310707101,0.9999983310707101,1,0.9999983310707101,0,0.0,1,1.0,16,16,1,1,0.0,0.0,0.0,0.0,0.0,0.0,32.0,0.4,0.0,0.0,0.0,0.0,0.0,0.0,0.0,0.0,0.0,0.0,16.0,0.2,0.0,0.0,0.0,0.0,0.0,0.0,32.0,0.4,0.0,0.0,0.0,0.0,0.0,0.0,0.0,0.0,0.0,0.0,0.0,0.0,0.0,0.0,0.0,0.0,0.0,0.0,0.0,0.0,0.0,0.0,0.0,0.0,0.0,0.0,0.0,0.0,0.0,0.0,0.0,0.0,0.0,0.0,0.0,0.0,0.0,0.0,0.0,0.0,48.0,32.0,0.0,64.0,0.4,0.0,0.8,3.0,80.0,16.0,11.466666666666667,4.096611065529924,172.0,3.8036034172412294,15,1.0,8.0,16.0,12.0,5.375,3.4437443284889775,0.1875,0.625,10.0,0.625,0.5,32.0,30.0,0.4,16.0,0.13333333333333333,2.0,0.8125,0.1875,0.0,0.0,0.0,0.0,0.0,2.0,2.0,0.0,2.0,2.0,2.0,2.0,4.0,2.0,0.0,2.0,2.0,12.0,7.0,7.0,8.0,2.0,2.0,86.0,28.0,28.0,2.0,4.0,1.2307692307692308,4.0,4.0,0.0,4.0,4.0,4.0,4.0,2.0,2.0,0.0,0.0,0.0,4.249406594258002,2.6619119851992505,0.6447144083280618,8.135503182921791,4.0,2.0,5.0,2.0,1.0,4.394449154672439,2.833213344056216,2.833213344056216,QAOA,QAOA,0.0,0.0,1.5459215673632127,0.1898469838270988,0.00034826228194419163
qaoa_indep_qiskit_16.qasm,GPU,double,1,1.0000000000000018,0,12.86652520000007,1,9259,848.52734375,0.0012625050005000435,0.24147519499963424,0.24273770000013428,834.4609375,1.0000000000000018,0.6504416999998739,842.67578125,,,,,,,,,,,,,,,,,,,,,,,,,,,,1.0000000000000018,1.0000000000000018,1,1.0000000000000018,0,0.0,1,1.0,16,16,1,1,0.0,0.0,0.0,0.0,0.0,0.0,32.0,0.4,0.0,0.0,0.0,0.0,0.0,0.0,0.0,0.0,0.0,0.0,16.0,0.2,0.0,0.0,0.0,0.0,0.0,0.0,32.0,0.4,0.0,0.0,0.0,0.0,0.0,0.0,0.0,0.0,0.0,0.0,0.0,0.0,0.0,0.0,0.0,0.0,0.0,0.0,0.0,0.0,0.0,0.0,0.0,0.0,0.0,0.0,0.0,0.0,0.0,0.0,0.0,0.0,0.0,0.0,0.0,0.0,0.0,0.0,0.0,0.0,48.0,32.0,0.0,64.0,0.4,0.0,0.8,3.0,80.0,16.0,11.466666666666667,4.096611065529924,172.0,3.8036034172412294,15,1.0,8.0,16.0,12.0,5.375,3.4437443284889775,0.1875,0.625,10.0,0.625,0.5,32.0,30.0,0.4,16.0,0.13333333333333333,2.0,0.8125,0.1875,0.0,0.0,0.0,0.0,0.0,2.0,2.0,0.0,2.0,2.0,2.0,2.0,4.0,2.0,0.0,2.0,2.0,12.0,7.0,7.0,8.0,2.0,2.0,86.0,28.0,28.0,2.0,4.0,1.2307692307692308,4.0,4.0,0.0,4.0,4.0,4.0,4.0,2.0,2.0,0.0,0.0,0.0,4.249406594258002,2.6619119851992505,0.6447144083280618,8.135503182921791,4.0,2.0,5.0,2.0,1.0,4.394449154672439,2.833213344056216,2.833213344056216,QAOA,QAOA,1.0,1.0,2.629477676623996,0.21630034590312064,0.0012617087112042468
qaoa_indep_qiskit_16.qasm,GPU,single,1,0.999999761581679,0,3.8169324000000415,1,9271,481.4296875,0.0003559140314031553,0.25779208596848874,0.2581479999998919,467.87890625,0.999999761581679,0.383549099999982,476.00390625,,,,,,,,,,,,,,,,,,,,,,,,,,,,0.999999761581679,0.999999761581679,1,0.999999761581679,0,0.0,1,1.0,16,16,1,1,0.0,0.0,0.0,0.0,0.0,0.0,32.0,0.4,0.0,0.0,0.0,0.0,0.0,0.0,0.0,0.0,0.0,0.0,16.0,0.2,0.0,0.0,0.0,0.0,0.0,0.0,32.0,0.4,0.0,0.0,0.0,0.0,0.0,0.0,0.0,0.0,0.0,0.0,0.0,0.0,0.0,0.0,0.0,0.0,0.0,0.0,0.0,0.0,0.0,0.0,0.0,0.0,0.0,0.0,0.0,0.0,0.0,0.0,0.0,0.0,0.0,0.0,0.0,0.0,0.0,0.0,0.0,0.0,48.0,32.0,0.0,64.0,0.4,0.0,0.8,3.0,80.0,16.0,11.466666666666667,4.096611065529924,172.0,3.8036034172412294,15,1.0,8.0,16.0,12.0,5.375,3.4437443284889775,0.1875,0.625,10.0,0.625,0.5,32.0,30.0,0.4,16.0,0.13333333333333333,2.0,0.8125,0.1875,0.0,0.0,0.0,0.0,0.0,2.0,2.0,0.0,2.0,2.0,2.0,2.0,4.0,2.0,0.0,2.0,2.0,12.0,7.0,7.0,8.0,2.0,2.0,86.0,28.0,28.0,2.0,4.0,1.2307692307692308,4.0,4.0,0.0,4.0,4.0,4.0,4.0,2.0,2.0,0.0,0.0,0.0,4.249406594258002,2.6619119851992505,0.6447144083280618,8.135503182921791,4.0,2.0,5.0,2.0,1.0,4.394449154672439,2.833213344056216,2.833213344056216,QAOA,QAOA,1.0,0.0,1.5721372939187295,0.2293578711441138,0.00035585070902871595
qft_indep_qiskit_130.qasm,CPU,double,1,0.9999999992331061,0,1174.0307276999956,1,10000,437.6953125,0.11646685043504329,9.362223349562756,9.4786901999978,429.05859375,0.9999999992331061,47.46787680000125,448.5859375,,,,,,,,,,,,,,,,,,,,,,,,,,,,0.9999999992331061,0.9999999992331061,1,0.9999999992331061,0,0.0,1,1.0,130,260,1,2,0.0,0.0,0.0,0.0,8385.0,0.9772727272727273,0.0,0.0,0.0,0.0,65.0,0.007575757575757576,0.0,0.0,0.0,0.0,0.0,0.0,130.0,0.015151515151515152,0.0,0.0,0.0,0.0,0.0,0.0,0.0,0.0,0.0,0.0,0.0,0.0,0.0,0.0,0.0,0.0,0.0,0.0,0.0,0.0,0.0,0.0,0.0,0.0,0.0,0.0,0.0,0.0,0.0,0.0,0.0,0.0,0.0,0.0,0.0,0.0,0.0,0.0,0.0,0.0,0.0,0.0,0.0,0.0,0.0,0.0,0.0,0.0,130.0,8450.0,0.0,8385.0,0.9848484848484849,0.0,0.9772727272727273,3.0,8580.0,4290.0,2871.0852713178297,1258.1980225889054,370370.0,6.840496248161762,129,1.0,4225.0,4290.0,129.0,43.83076923076923,30.63812066478332,0.015384615384615385,0.5682840236686391,260.0,2.0,0.25384615384615383,8450.0,130.0,0.9848484848484849,8385.0,1.0,1.0,1.0,1.0,0.0,0.0,0.0,0.0,0.0,129.0,129.0,0.0,129.0,129.0,129.0,129.0,7.022367813028455,129.0,0.0,129.0,129.0,129.0,129.0,129.0,4225.0,4225.0,4225.0,366145.0,366145.0,366145.0,65.0,4225.0,65.0,130.0,130.0,0.0,130.0,130.0,130.0,130.0,2.0,1.0077519379844961,0.0,1.0,1.0,0.047957526494856205,0.21950546164078705,0.0,1.5707963267948966,29.0,0.5627875325253076,66.0,65.0,33.0,9.057305735807121,4.875197323201151,8.364275084991524,QFT,QFT,0.0,1.0,7.069049577470361,2.338166822837267,0.11016910124829331
qft_indep_qiskit_130.qasm,CPU,single,1,0.9999924898648939,0,246.62008710000373,1,10000,438.28515625,0.024319713241324373,3.422954686760009,3.4472744000013336,428.0859375,0.9999924898648939,15.550791800000297,446.5078125,,,,,,,,,,,,,,,,,,,,,,,,,,,,0.9999924898648939,0.9999924898648939,1,0.9999924898648939,0,0.0,1,1.0,130,260,1,2,0.0,0.0,0.0,0.0,8385.0,0.9772727272727273,0.0,0.0,0.0,0.0,65.0,0.007575757575757576,0.0,0.0,0.0,0.0,0.0,0.0,130.0,0.015151515151515152,0.0,0.0,0.0,0.0,0.0,0.0,0.0,0.0,0.0,0.0,0.0,0.0,0.0,0.0,0.0,0.0,0.0,0.0,0.0,0.0,0.0,0.0,0.0,0.0,0.0,0.0,0.0,0.0,0.0,0.0,0.0,0.0,0.0,0.0,0.0,0.0,0.0,0.0,0.0,0.0,0.0,0.0,0.0,0.0,0.0,0.0,0.0,0.0,130.0,8450.0,0.0,8385.0,0.9848484848484849,0.0,0.9772727272727273,3.0,8580.0,4290.0,2871.0852713178297,1258.1980225889054,370370.0,6.840496248161762,129,1.0,4225.0,4290.0,129.0,43.83076923076923,30.63812066478332,0.015384615384615385,0.5682840236686391,260.0,2.0,0.25384615384615383,8450.0,130.0,0.9848484848484849,8385.0,1.0,1.0,1.0,1.0,0.0,0.0,0.0,0.0,0.0,129.0,129.0,0.0,129.0,129.0,129.0,129.0,7.022367813028455,129.0,0.0,129.0,129.0,129.0,129.0,129.0,4225.0,4225.0,4225.0,366145.0,366145.0,366145.0,65.0,4225.0,65.0,130.0,130.0,0.0,130.0,130.0,130.0,130.0,2.0,1.0077519379844961,0.0,1.0,1.0,0.047957526494856205,0.21950546164078705,0.0,1.5707963267948966,29.0,0.5627875325253076,66.0,65.0,33.0,9.057305735807121,4.875197323201151,8.364275084991524,QFT,QFT,0.0,0.0,5.511895664741146,1.4868079539230181,0.024028697849037297
qft_indep_qiskit_130.qasm,GPU,double,1,1.0000000000105294,0,2060.300456499999,1,10000,898.68359375,0.13247441872187204,735.5562692812786,735.6887437000005,884.2421875,1.0000000000105294,856.3977712999986,942.7421875,,,,,,,,,,,,,,,,,,,,,,,,,,,,1.0000000000105294,1.0000000000105294,1,1.0000000000105294,0,0.0,1,1.0,130,260,1,2,0.0,0.0,0.0,0.0,8385.0,0.9772727272727273,0.0,0.0,0.0,0.0,65.0,0.007575757575757576,0.0,0.0,0.0,0.0,0.0,0.0,130.0,0.015151515151515152,0.0,0.0,0.0,0.0,0.0,0.0,0.0,0.0,0.0,0.0,0.0,0.0,0.0,0.0,0.0,0.0,0.0,0.0,0.0,0.0,0.0,0.0,0.0,0.0,0.0,0.0,0.0,0.0,0.0,0.0,0.0,0.0,0.0,0.0,0.0,0.0,0.0,0.0,0.0,0.0,0.0,0.0,0.0,0.0,0.0,0.0,0.0,0.0,130.0,8450.0,0.0,8385.0,0.9848484848484849,0.0,0.9772727272727273,3.0,8580.0,4290.0,2871.0852713178297,1258.1980225889054,370370.0,6.840496248161762,129,1.0,4225.0,4290.0,129.0,43.83076923076923,30.63812066478332,0.015384615384615385,0.5682840236686391,260.0,2.0,0.25384615384615383,8450.0,130.0,0.9848484848484849,8385.0,1.0,1.0,1.0,1.0,0.0,0.0,0.0,0.0,0.0,129.0,129.0,0.0,129.0,129.0,129.0,129.0,7.022367813028455,129.0,0.0,129.0,129.0,129.0,129.0,129.0,4225.0,4225.0,4225.0,366145.0,366145.0,366145.0,65.0,4225.0,65.0,130.0,130.0,0.0,130.0,130.0,130.0,130.0,2.0,1.0077519379844961,0.0,1.0,1.0,0.047957526494856205,0.21950546164078705,0.0,1.5707963267948966,29.0,0.5627875325253076,66.0,65.0,33.0,9.057305735807121,4.875197323201151,8.364275084991524,QFT,QFT,1.0,1.0,7.6310923521672995,6.601985633909305,0.12440498979487419
qft_indep_qiskit_130.qasm,GPU,single,1,1.0,0,883.5027354000049,1,10000,530.16015625,0.02441558132813381,639.3469221186667,639.3713376999949,517.078125,1.0,685.480292500004,574.02734375,,,,,,,,,,,,,,,,,,,,,,,,,,,,1.0,1.0,1,1.0,0,0.0,1,1.0,130,260,1,2,0.0,0.0,0.0,0.0,8385.0,0.9772727272727273,0.0,0.0,0.0,0.0,65.0,0.007575757575757576,0.0,0.0,0.0,0.0,0.0,0.0,130.0,0.015151515151515152,0.0,0.0,0.0,0.0,0.0,0.0,0.0,0.0,0.0,0.0,0.0,0.0,0.0,0.0,0.0,0.0,0.0,0.0,0.0,0.0,0.0,0.0,0.0,0.0,0.0,0.0,0.0,0.0,0.0,0.0,0.0,0.0,0.0,0.0,0.0,0.0,0.0,0.0,0.0,0.0,0.0,0.0,0.0,0.0,0.0,0.0,0.0,0.0,130.0,8450.0,0.0,8385.0,0.9848484848484849,0.0,0.9772727272727273,3.0,8580.0,4290.0,2871.0852713178297,1258.1980225889054,370370.0,6.840496248161762,129,1.0,4225.0,4290.0,129.0,43.83076923076923,30.63812066478332,0.015384615384615385,0.5682840236686391,260.0,2.0,0.25384615384615383,8450.0,130.0,0.9848484848484849,8385.0,1.0,1.0,1.0,1.0,0.0,0.0,0.0,0.0,0.0,129.0,129.0,0.0,129.0,129.0,129.0,129.0,7.022367813028455,129.0,0.0,129.0,129.0,129.0,129.0,129.0,4225.0,4225.0,4225.0,366145.0,366145.0,366145.0,65.0,4225.0,65.0,130.0,130.0,0.0,130.0,130.0,130.0,130.0,2.0,1.0077519379844961,0.0,1.0,1.0,0.047957526494856205,0.21950546164078705,0.0,1.5707963267948966,29.0,0.5627875325253076,66.0,65.0,33.0,9.057305735807121,4.875197323201151,8.364275084991524,QFT,QFT,1.0,0.0,6.78502560618975,6.462010095299534,0.0241222854268308
qft_indep_qiskit_15.qasm,CPU,double,1,0.9999999999987221,0,15.38530280000009,1,8623,425.93359375,0.0015141107310731108,0.2441954892689816,0.2457096000000547,418.328125,0.9999999999987221,0.8136687999999594,426.68359375,,,,,,,,,,,,,,,,,,,,,,,,,,,,0.9999999999987221,0.9999999999987221,1,0.9999999999987221,0,0.0,1,1.0,15,30,1,2,0.0,0.0,0.0,0.0,105.0,0.8267716535433071,0.0,0.0,0.0,0.0,7.0,0.05511811023622047,0.0,0.0,0.0,0.0,0.0,0.0,15.0,0.11811023622047244,0.0,0.0,0.0,0.0,0.0,0.0,0.0,0.0,0.0,0.0,0.0,0.0,0.0,0.0,0.0,0.0,0.0,0.0,0.0,0.0,0.0,0.0,0.0,0.0,0.0,0.0,0.0,0.0,0.0,0.0,0.0,0.0,0.0,0.0,0.0,0.0,0.0,0.0,0.0,0.0,0.0,0.0,0.0,0.0,0.0,0.0,0.0,0.0,15.0,112.0,0.0,105.0,0.8818897637795275,0.0,0.8267716535433071,3.0,127.0,63.0,44.0,16.3707055437449,616.0,3.6941403118544924,14,1.0,56.0,63.0,14.0,5.5,3.5,0.125,0.6428571428571429,30.0,2.0,0.2822222222222222,112.0,15.0,0.8818897637795275,105.0,1.0,1.0,1.0,1.0,0.0,0.0,0.0,0.0,0.0,14.0,14.0,0.0,14.0,14.0,14.0,14.0,3.906890595608518,14.0,0.0,14.0,14.0,14.0,14.0,14.0,56.0,56.0,56.0,560.0,560.0,560.0,7.0,56.0,7.5,15.0,14.933333333333334,0.24944382578492938,14.0,15.0,15.0,15.0,2.0,1.0666666666666667,0.0,1.0,1.0,0.38896091661205523,0.5262266280404467,0.00019174759848570515,1.5707963267948966,14.0,1.9479905909788742,8.466666666666667,7.466666666666667,4.2,4.852030263919617,2.772588722239781,4.1588830833596715,QFT,QFT,0.0,1.0,2.796384762297388,0.21848912768550874,0.0015129656211565507
qft_indep_qiskit_15.qasm,CPU,single,1,0.9999988079075415,0,3.8983488999999736,1,8549,426.66796875,0.0003678711071107083,0.21963782889289082,0.22000570000000153,417.48046875,0.9999988079075415,0.295401899999888,426.37890625,,,,,,,,,,,,,,,,,,,,,,,,,,,,0.9999988079075415,0.9999988079075415,1,0.9999988079075415,0,0.0,1,1.0,15,30,1,2,0.0,0.0,0.0,0.0,105.0,0.8267716535433071,0.0,0.0,0.0,0.0,7.0,0.05511811023622047,0.0,0.0,0.0,0.0,0.0,0.0,15.0,0.11811023622047244,0.0,0.0,0.0,0.0,0.0,0.0,0.0,0.0,0.0,0.0,0.0,0.0,0.0,0.0,0.0,0.0,0.0,0.0,0.0,0.0,0.0,0.0,0.0,0.0,0.0,0.0,0.0,0.0,0.0,0.0,0.0,0.0,0.0,0.0,0.0,0.0,0.0,0.0,0.0,0.0,0.0,0.0,0.0,0.0,0.0,0.0,0.0,0.0,15.0,112.0,0.0,105.0,0.8818897637795275,0.0,0.8267716535433071,3.0,127.0,63.0,44.0,16.3707055437449,616.0,3.6941403118544924,14,1.0,56.0,63.0,14.0,5.5,3.5,0.125,0.6428571428571429,30.0,2.0,0.2822222222222222,112.0,15.0,0.8818897637795275,105.0,1.0,1.0,1.0,1.0,0.0,0.0,0.0,0.0,0.0,14.0,14.0,0.0,14.0,14.0,14.0,14.0,3.906890595608518,14.0,0.0,14.0,14.0,14.0,14.0,14.0,56.0,56.0,56.0,560.0,560.0,560.0,7.0,56.0,7.5,15.0,14.933333333333334,0.24944382578492938,14.0,15.0,15.0,15.0,2.0,1.0666666666666667,0.0,1.0,1.0,0.38896091661205523,0.5262266280404467,0.00019174759848570515,1.5707963267948966,14.0,1.9479905909788742,8.466666666666667,7.466666666666667,4.2,4.852030263919617,2.772588722239781,4.1588830833596715,QFT,QFT,0.0,0.0,1.5888981891494,0.19855395310984467,0.0003678034591249693
qft_indep_qiskit_15.qasm,GPU,double,1,0.9999999999999776,0,17.19437290000019,1,8631,845.1953125,0.0016011679467947055,1.1826934320531355,1.1842945999999301,834.50390625,0.9999999999999776,2.352667999999994,843.39453125,,,,,,,,,,,,,,,,,,,,,,,,,,,,0.9999999999999776,0.9999999999999776,1,0.9999999999999776,0,0.0,1,1.0,15,30,1,2,0.0,0.0,0.0,0.0,105.0,0.8267716535433071,0.0,0.0,0.0,0.0,7.0,0.05511811023622047,0.0,0.0,0.0,0.0,0.0,0.0,15.0,0.11811023622047244,0.0,0.0,0.0,0.0,0.0,0.0,0.0,0.0,0.0,0.0,0.0,0.0,0.0,0.0,0.0,0.0,0.0,0.0,0.0,0.0,0.0,0.0,0.0,0.0,0.0,0.0,0.0,0.0,0.0,0.0,0.0,0.0,0.0,0.0,0.0,0.0,0.0,0.0,0.0,0.0,0.0,0.0,0.0,0.0,0.0,0.0,0.0,0.0,15.0,112.0,0.0,105.0,0.8818897637795275,0.0,0.8267716535433071,3.0,127.0,63.0,44.0,16.3707055437449,616.0,3.6941403118544924,14,1.0,56.0,63.0,14.0,5.5,3.5,0.125,0.6428571428571429,30.0,2.0,0.2822222222222222,112.0,15.0,0.8818897637795275,105.0,1.0,1.0,1.0,1.0,0.0,0.0,0.0,0.0,0.0,14.0,14.0,0.0,14.0,14.0,14.0,14.0,3.906890595608518,14.0,0.0,14.0,14.0,14.0,14.0,14.0,56.0,56.0,56.0,560.0,560.0,560.0,7.0,56.0,7.5,15.0,14.933333333333334,0.24944382578492938,14.0,15.0,15.0,15.0,2.0,1.0666666666666667,0.0,1.0,1.0,0.38896091661205523,0.5262266280404467,0.00019174759848570515,1.5707963267948966,14.0,1.9479905909788742,8.466666666666667,7.466666666666667,4.2,4.852030263919617,2.772588722239781,4.1588830833596715,QFT,QFT,1.0,1.0,2.901112364957681,0.7805596334655629,0.0015998874440821573
qft_indep_qiskit_15.qasm,GPU,single,1,0.999999880790714,0,4.754781699999967,1,8607,479.75390625,0.0003766629262926209,0.9881524370737581,0.9885291000000507,467.78515625,0.999999880790714,1.643298699999832,477.1640625,,,,,,,,,,,,,,,,,,,,,,,,,,,,0.999999880790714,0.999999880790714,1,0.999999880790714,0,0.0,1,1.0,15,30,1,2,0.0,0.0,0.0,0.0,105.0,0.8267716535433071,0.0,0.0,0.0,0.0,7.0,0.05511811023622047,0.0,0.0,0.0,0.0,0.0,0.0,15.0,0.11811023622047244,0.0,0.0,0.0,0.0,0.0,0.0,0.0,0.0,0.0,0.0,0.0,0.0,0.0,0.0,0.0,0.0,0.0,0.0,0.0,0.0,0.0,0.0,0.0,0.0,0.0,0.0,0.0,0.0,0.0,0.0,0.0,0.0,0.0,0.0,0.0,0.0,0.0,0.0,0.0,0.0,0.0,0.0,0.0,0.0,0.0,0.0,0.0,0.0,15.0,112.0,0.0,105.0,0.8818897637795275,0.0,0.8267716535433071,3.0,127.0,63.0,44.0,16.3707055437449,616.0,3.6941403118544924,14,1.0,56.0,63.0,14.0,5.5,3.5,0.125,0.6428571428571429,30.0,2.0,0.2822222222222222,112.0,15.0,0.8818897637795275,105.0,1.0,1.0,1.0,1.0,0.0,0.0,0.0,0.0,0.0,14.0,14.0,0.0,14.0,14.0,14.0,14.0,3.906890595608518,14.0,0.0,14.0,14.0,14.0,14.0,14.0,56.0,56.0,56.0,560.0,560.0,560.0,7.0,56.0,7.5,15.0,14.933333333333334,0.24944382578492938,14.0,15.0,15.0,15.0,2.0,1.0666666666666667,0.0,1.0,1.0,0.38896091661205523,0.5262266280404467,0.00019174759848570515,1.5707963267948966,14.0,1.9479905909788742,8.466666666666667,7.466666666666667,4.2,4.852030263919617,2.772588722239781,4.1588830833596715,QFT,QFT,1.0,0.0,1.750031109221554,0.6872057839032583,0.0003765920066205812
qft_indep_qiskit_30.qasm,CPU,double,1,0.999999999990262,0,64.63328699999965,1,10000,426.703125,0.006437853985398476,0.2547471460148975,0.261185000000296,418.39453125,0.999999999990262,3.3339263999996547,427.94921875,,,,,,,,,,,,,,,,,,,,,,,,,,,,0.999999999990262,0.999999999990262,1,0.999999999990262,0,0.0,1,1.0,30,60,1,2,0.0,0.0,0.0,0.0,435.0,0.90625,0.0,0.0,0.0,0.0,15.0,0.03125,0.0,0.0,0.0,0.0,0.0,0.0,30.0,0.0625,0.0,0.0,0.0,0.0,0.0,0.0,0.0,0.0,0.0,0.0,0.0,0.0,0.0,0.0,0.0,0.0,0.0,0.0,0.0,0.0,0.0,0.0,0.0,0.0,0.0,0.0,0.0,0.0,0.0,0.0,0.0,0.0,0.0,0.0,0.0,0.0,0.0,0.0,0.0,0.0,0.0,0.0,0.0,0.0,0.0,0.0,0.0,0.0,30.0,450.0,0.0,435.0,0.9375,0.0,0.90625,3.0,480.0,240.0,162.75862068965517,66.56169301789015,4720.0,4.715253962573105,29,1.0,225.0,240.0,29.0,10.488888888888889,7.057296373170496,0.06666666666666667,0.5866666666666667,60.0,2.0,0.26666666666666666,450.0,30.0,0.9375,435.0,1.0,1.0,1.0,1.0,0.0,0.0,0.0,0.0,0.0,29.0,29.0,0.0,29.0,29.0,29.0,29.0,4.906890595608519,29.0,0.0,29.0,29.0,29.0,29.0,29.0,225.0,225.0,225.0,4495.0,4495.0,4495.0,15.0,225.0,15.0,30.0,30.0,0.0,30.0,30.0,30.0,30.0,2.0,1.0344827586206897,0.0,1.0,1.0,0.20221745817555375,0.41941825199374594,5.8516723170686385e-09,1.5707963267948966,28.0,1.6135548233808563,16.0,15.0,8.0,6.175867270105761,3.4339872044851463,5.484796933490655,QFT,QFT,0.0,1.0,4.184082991034614,0.2269340750055075,0.006417219517209157
qft_indep_qiskit_30.qasm,CPU,single,1,0.999998092653518,0,12.875928500000555,1,10000,426.64453125,0.0012644440044004576,0.2314884559959774,0.23275290000037785,418.03515625,0.999998092653518,0.8472648999995727,427.17578125,,,,,,,,,,,,,,,,,,,,,,,,,,,,0.999998092653518,0.999998092653518,1,0.999998092653518,0,0.0,1,1.0,30,60,1,2,0.0,0.0,0.0,0.0,435.0,0.90625,0.0,0.0,0.0,0.0,15.0,0.03125,0.0,0.0,0.0,0.0,0.0,0.0,30.0,0.0625,0.0,0.0,0.0,0.0,0.0,0.0,0.0,0.0,0.0,0.0,0.0,0.0,0.0,0.0,0.0,0.0,0.0,0.0,0.0,0.0,0.0,0.0,0.0,0.0,0.0,0.0,0.0,0.0,0.0,0.0,0.0,0.0,0.0,0.0,0.0,0.0,0.0,0.0,0.0,0.0,0.0,0.0,0.0,0.0,0.0,0.0,0.0,0.0,30.0,450.0,0.0,435.0,0.9375,0.0,0.90625,3.0,480.0,240.0,162.75862068965517,66.56169301789015,4720.0,4.715253962573105,29,1.0,225.0,240.0,29.0,10.488888888888889,7.057296373170496,0.06666666666666667,0.5866666666666667,60.0,2.0,0.26666666666666666,450.0,30.0,0.9375,435.0,1.0,1.0,1.0,1.0,0.0,0.0,0.0,0.0,0.0,29.0,29.0,0.0,29.0,29.0,29.0,29.0,4.906890595608519,29.0,0.0,29.0,29.0,29.0,29.0,29.0,225.0,225.0,225.0,4495.0,4495.0,4495.0,15.0,225.0,15.0,30.0,30.0,0.0,30.0,30.0,30.0,30.0,2.0,1.0344827586206897,0.0,1.0,1.0,0.20221745817555375,0.41941825199374594,5.8516723170686385e-09,1.5707963267948966,28.0,1.6135548233808563,16.0,15.0,8.0,6.175867270105761,3.4339872044851463,5.484796933490655,QFT,QFT,0.0,0.0,2.630155576312486,0.20822356459702696,0.0012636452683141306
qft_indep_qiskit_30.qasm,GPU,double,1,1.000000000000075,0,76.91615640000055,1,10000,849.515625,0.0067834837083708575,9.081319316291971,9.088102800000343,836.44921875,1.000000000000075,14.371103299999959,847.79296875,,,,,,,,,,,,,,,,,,,,,,,,,,,,1.000000000000075,1.000000000000075,1,1.000000000000075,0,0.0,1,1.0,30,60,1,2,0.0,0.0,0.0,0.0,435.0,0.90625,0.0,0.0,0.0,0.0,15.0,0.03125,0.0,0.0,0.0,0.0,0.0,0.0,30.0,0.0625,0.0,0.0,0.0,0.0,0.0,0.0,0.0,0.0,0.0,0.0,0.0,0.0,0.0,0.0,0.0,0.0,0.0,0.0,0.0,0.0,0.0,0.0,0.0,0.0,0.0,0.0,0.0,0.0,0.0,0.0,0.0,0.0,0.0,0.0,0.0,0.0,0.0,0.0,0.0,0.0,0.0,0.0,0.0,0.0,0.0,0.0,0.0,0.0,30.0,450.0,0.0,435.0,0.9375,0.0,0.90625,3.0,480.0,240.0,162.75862068965517,66.56169301789015,4720.0,4.715253962573105,29,1.0,225.0,240.0,29.0,10.488888888888889,7.057296373170496,0.06666666666666667,0.5866666666666667,60.0,2.0,0.26666666666666666,450.0,30.0,0.9375,435.0,1.0,1.0,1.0,1.0,0.0,0.0,0.0,0.0,0.0,29.0,29.0,0.0,29.0,29.0,29.0,29.0,4.906890595608519,29.0,0.0,29.0,29.0,29.0,29.0,29.0,225.0,225.0,225.0,4495.0,4495.0,4495.0,15.0,225.0,15.0,30.0,30.0,0.0,30.0,30.0,30.0,30.0,2.0,1.0344827586206897,0.0,1.0,1.0,0.20221745817555375,0.41941825199374594,5.8516723170686385e-09,1.5707963267948966,28.0,1.6135548233808563,16.0,15.0,8.0,6.175867270105761,3.4339872044851463,5.484796933490655,QFT,QFT,1.0,1.0,4.355633330602244,2.3106841386313617,0.006760579405063328
qft_indep_qiskit_30.qasm,GPU,single,1,0.999999880790714,0,20.728053499999078,1,10000,481.55078125,0.0012885795079506629,7.842258420492448,7.843547000000399,470.359375,0.999999880790714,10.736785499999314,481.25,,,,,,,,,,,,,,,,,,,,,,,,,,,,0.999999880790714,0.999999880790714,1,0.999999880790714,0,0.0,1,1.0,30,60,1,2,0.0,0.0,0.0,0.0,435.0,0.90625,0.0,0.0,0.0,0.0,15.0,0.03125,0.0,0.0,0.0,0.0,0.0,0.0,30.0,0.0625,0.0,0.0,0.0,0.0,0.0,0.0,0.0,0.0,0.0,0.0,0.0,0.0,0.0,0.0,0.0,0.0,0.0,0.0,0.0,0.0,0.0,0.0,0.0,0.0,0.0,0.0,0.0,0.0,0.0,0.0,0.0,0.0,0.0,0.0,0.0,0.0,0.0,0.0,0.0,0.0,0.0,0.0,0.0,0.0,0.0,0.0,0.0,0.0,30.0,450.0,0.0,435.0,0.9375,0.0,0.90625,3.0,480.0,240.0,162.75862068965517,66.56169301789015,4720.0,4.715253962573105,29,1.0,225.0,240.0,29.0,10.488888888888889,7.057296373170496,0.06666666666666667,0.5866666666666667,60.0,2.0,0.26666666666666666,450.0,30.0,0.9375,435.0,1.0,1.0,1.0,1.0,0.0,0.0,0.0,0.0,0.0,29.0,29.0,0.0,29.0,29.0,29.0,29.0,4.906890595608519,29.0,0.0,29.0,29.0,29.0,29.0,29.0,225.0,225.0,225.0,4495.0,4495.0,4495.0,15.0,225.0,15.0,30.0,30.0,0.0,30.0,30.0,30.0,30.0,2.0,1.0344827586206897,0.0,1.0,1.0,0.20221745817555375,0.41941825199374594,5.8516723170686385e-09,1.5707963267948966,28.0,1.6135548233808563,16.0,15.0,8.0,6.175867270105761,3.4339872044851463,5.484796933490655,QFT,QFT,1.0,0.0,3.078604213633889,2.179542321452023,0.0012877500018897156
qftentangled_indep_qiskit_15.qasm,CPU,double,2,1.0000000000001155,1,17.87179339999966,2,8070,425.9453125,0.0017645920192019178,0.225873207980482,0.22763779999968392,418.00390625,0.49999999999936134,0.22792070000014064,426.29296875,1.0000000000001155,0.2679382999999689,426.984375,,,,,,,,,,,,,,,,,,,,,,,,,0.49999999999936134,1.0000000000001155,2,0.49999999999936134,1,0.5000000000007541,2,1.0,15,15,1,1,14.0,0.09859154929577464,0.0,0.0,105.0,0.7394366197183099,0.0,0.0,0.0,0.0,7.0,0.04929577464788732,0.0,0.0,0.0,0.0,0.0,0.0,16.0,0.11267605633802817,0.0,0.0,0.0,0.0,0.0,0.0,0.0,0.0,0.0,0.0,0.0,0.0,0.0,0.0,0.0,0.0,0.0,0.0,0.0,0.0,0.0,0.0,0.0,0.0,0.0,0.0,0.0,0.0,0.0,0.0,0.0,0.0,0.0,0.0,0.0,0.0,0.0,0.0,0.0,0.0,0.0,0.0,0.0,0.0,0.0,0.0,0.0,0.0,16.0,126.0,0.0,105.0,0.8873239436619719,0.0,0.7394366197183099,4.0,142.0,64.0,45.0,16.3707055437449,630.0,3.699632754125688,14,1.0,56.0,64.0,14.0,5.0,3.5901098714230026,0.2222222222222222,0.5714285714285714,32.0,2.1333333333333333,0.29583333333333334,126.0,16.0,0.8873239436619719,105.0,1.0,1.0,1.0,1.0,0.0,0.0,0.0,0.0,0.0,14.0,14.0,0.0,14.0,14.0,14.0,14.0,3.906890595608518,14.0,0.0,14.0,14.0,14.0,14.0,14.0,56.0,56.0,56.0,560.0,560.0,560.0,7.0,56.0,7.5,17.0,16.8,0.4,16.0,17.0,17.0,17.0,2.0,1.2,0.0,1.0,1.0,0.38896091661205523,0.5262266280404467,0.00019174759848570515,1.5707963267948966,14.0,1.9479905909788742,9.466666666666667,8.4,4.266666666666667,4.962844630259907,2.772588722239781,4.174387269895637,QFT_Entangled,QFT_Entangled,0.0,1.0,2.9376683946100783,0.20365341290036643,0.0017630369558043549
qftentangled_indep_qiskit_15.qasm,CPU,single,2,0.9999971389790971,1,7.079947400000037,2,8041,425.5234375,0.0006848659765976879,0.2312876340231584,0.2319724999997561,417.96875,0.5000003200606875,0.23387460000003557,425.9921875,0.9999971389790971,0.2549157000003106,426.8046875,,,,,,,,,,,,,,,,,,,,,,,,,0.5000003200606875,0.9999971389790971,2,0.5000003200606875,1,0.49999681891840964,2,1.0,15,15,1,1,14.0,0.09859154929577464,0.0,0.0,105.0,0.7394366197183099,0.0,0.0,0.0,0.0,7.0,0.04929577464788732,0.0,0.0,0.0,0.0,0.0,0.0,16.0,0.11267605633802817,0.0,0.0,0.0,0.0,0.0,0.0,0.0,0.0,0.0,0.0,0.0,0.0,0.0,0.0,0.0,0.0,0.0,0.0,0.0,0.0,0.0,0.0,0.0,0.0,0.0,0.0,0.0,0.0,0.0,0.0,0.0,0.0,0.0,0.0,0.0,0.0,0.0,0.0,0.0,0.0,0.0,0.0,0.0,0.0,0.0,0.0,0.0,0.0,16.0,126.0,0.0,105.0,0.8873239436619719,0.0,0.7394366197183099,4.0,142.0,64.0,45.0,16.3707055437449,630.0,3.699632754125688,14,1.0,56.0,64.0,14.0,5.0,3.5901098714230026,0.2222222222222222,0.5714285714285714,32.0,2.1333333333333333,0.29583333333333334,126.0,16.0,0.8873239436619719,105.0,1.0,1.0,1.0,1.0,0.0,0.0,0.0,0.0,0.0,14.0,14.0,0.0,14.0,14.0,14.0,14.0,3.906890595608518,14.0,0.0,14.0,14.0,14.0,14.0,14.0,56.0,56.0,56.0,560.0,560.0,560.0,7.0,56.0,7.5,17.0,16.8,0.4,16.0,17.0,17.0,17.0,2.0,1.2,0.0,1.0,1.0,0.38896091661205523,0.5262266280404467,0.00019174759848570515,1.5707963267948966,14.0,1.9479905909788742,9.466666666666667,8.4,4.266666666666667,4.962844630259907,2.772588722239781,4.174387269895637,QFT_Entangled,QFT_Entangled,0.0,0.0,2.089385362610829,0.208060478741128,0.000684631562916601
qftentangled_indep_qiskit_15.qasm,GPU,double,2,1.0000000000000004,1,19.03216399999974,2,8038,876.16015625,0.0017655387938793556,1.376776061206183,1.3785416000000623,864.7578125,0.4999999999999889,1.846621099999993,843.41015625,1.0000000000000004,2.052296899999874,873.21875,,,,,,,,,,,,,,,,,,,,,,,,,0.4999999999999889,1.0000000000000004,2,0.4999999999999889,1,0.5000000000000115,2,1.0,15,15,1,1,14.0,0.09859154929577464,0.0,0.0,105.0,0.7394366197183099,0.0,0.0,0.0,0.0,7.0,0.04929577464788732,0.0,0.0,0.0,0.0,0.0,0.0,16.0,0.11267605633802817,0.0,0.0,0.0,0.0,0.0,0.0,0.0,0.0,0.0,0.0,0.0,0.0,0.0,0.0,0.0,0.0,0.0,0.0,0.0,0.0,0.0,0.0,0.0,0.0,0.0,0.0,0.0,0.0,0.0,0.0,0.0,0.0,0.0,0.0,0.0,0.0,0.0,0.0,0.0,0.0,0.0,0.0,0.0,0.0,0.0,0.0,0.0,0.0,16.0,126.0,0.0,105.0,0.8873239436619719,0.0,0.7394366197183099,4.0,142.0,64.0,45.0,16.3707055437449,630.0,3.699632754125688,14,1.0,56.0,64.0,14.0,5.0,3.5901098714230026,0.2222222222222222,0.5714285714285714,32.0,2.1333333333333333,0.29583333333333334,126.0,16.0,0.8873239436619719,105.0,1.0,1.0,1.0,1.0,0.0,0.0,0.0,0.0,0.0,14.0,14.0,0.0,14.0,14.0,14.0,14.0,3.906890595608518,14.0,0.0,14.0,14.0,14.0,14.0,14.0,56.0,56.0,56.0,560.0,560.0,560.0,7.0,56.0,7.5,17.0,16.8,0.4,16.0,17.0,17.0,17.0,2.0,1.2,0.0,1.0,1.0,0.38896091661205523,0.5262266280404467,0.00019174759848570515,1.5707963267948966,14.0,1.9479905909788742,9.466666666666667,8.4,4.266666666666667,4.962844630259907,2.772588722239781,4.174387269895637,QFT_Entangled,QFT_Entangled,1.0,1.0,2.997339181785121,0.8657449732568145,0.0017639820623069995
qftentangled_indep_qiskit_15.qasm,GPU,single,2,0.999999880792942,1,7.8959162999999535,2,8058,509.2421875,0.0006597666766676516,1.2982495333234372,1.2989093000001048,497.10546875,0.4999999828857291,1.5929898999997931,477.7734375,0.999999880792942,1.9843642000000727,506.3828125,,,,,,,,,,,,,,,,,,,,,,,,,0.4999999828857291,0.999999880792942,2,0.4999999828857291,1,0.4999998979072129,2,1.0,15,15,1,1,14.0,0.09859154929577464,0.0,0.0,105.0,0.7394366197183099,0.0,0.0,0.0,0.0,7.0,0.04929577464788732,0.0,0.0,0.0,0.0,0.0,0.0,16.0,0.11267605633802817,0.0,0.0,0.0,0.0,0.0,0.0,0.0,0.0,0.0,0.0,0.0,0.0,0.0,0.0,0.0,0.0,0.0,0.0,0.0,0.0,0.0,0.0,0.0,0.0,0.0,0.0,0.0,0.0,0.0,0.0,0.0,0.0,0.0,0.0,0.0,0.0,0.0,0.0,0.0,0.0,0.0,0.0,0.0,0.0,0.0,0.0,0.0,0.0,16.0,126.0,0.0,105.0,0.8873239436619719,0.0,0.7394366197183099,4.0,142.0,64.0,45.0,16.3707055437449,630.0,3.699632754125688,14,1.0,56.0,64.0,14.0,5.0,3.5901098714230026,0.2222222222222222,0.5714285714285714,32.0,2.1333333333333333,0.29583333333333334,126.0,16.0,0.8873239436619719,105.0,1.0,1.0,1.0,1.0,0.0,0.0,0.0,0.0,0.0,14.0,14.0,0.0,14.0,14.0,14.0,14.0,3.906890595608518,14.0,0.0,14.0,14.0,14.0,14.0,14.0,56.0,56.0,56.0,560.0,560.0,560.0,7.0,56.0,7.5,17.0,16.8,0.4,16.0,17.0,17.0,17.0,2.0,1.2,0.0,1.0,1.0,0.38896091661205523,0.5262266280404467,0.00019174759848570515,1.5707963267948966,14.0,1.9479905909788742,9.466666666666667,8.4,4.266666666666667,4.962844630259907,2.772588722239781,4.174387269895637,QFT_Entangled,QFT_Entangled,1.0,0.0,2.1855923287409373,0.8321477607043528,0.0006595491263168866
qftentangled_indep_qiskit_30.qasm,CPU,double,2,1.0000000000025868,1,70.14926699999887,2,10000,433.62890625,0.006990533623362285,0.24393076637602834,0.2509212999993906,418.1640625,0.49999999999513245,0.3506969999998546,427.859375,1.0000000000025868,0.5591046000008646,427.88671875,,,,,,,,,,,,,,,,,,,,,,,,,0.49999999999513245,1.0000000000025868,2,0.49999999999513245,1,0.5000000000074544,2,1.0,30,30,1,1,29.0,0.056862745098039215,0.0,0.0,435.0,0.8529411764705882,0.0,0.0,0.0,0.0,15.0,0.029411764705882353,0.0,0.0,0.0,0.0,0.0,0.0,31.0,0.060784313725490195,0.0,0.0,0.0,0.0,0.0,0.0,0.0,0.0,0.0,0.0,0.0,0.0,0.0,0.0,0.0,0.0,0.0,0.0,0.0,0.0,0.0,0.0,0.0,0.0,0.0,0.0,0.0,0.0,0.0,0.0,0.0,0.0,0.0,0.0,0.0,0.0,0.0,0.0,0.0,0.0,0.0,0.0,0.0,0.0,0.0,0.0,0.0,0.0,31.0,479.0,0.0,435.0,0.9392156862745098,0.0,0.8529411764705882,4.0,510.0,241.0,163.75862068965517,66.56169301789015,4749.0,4.717280752484185,29,1.0,225.0,241.0,29.0,9.914405010438413,7.2049464865149995,0.12317327766179541,0.5511482254697286,62.0,2.066666666666667,0.27419354838709675,479.0,31.0,0.9392156862745098,435.0,1.0,1.0,1.0,1.0,0.0,0.0,0.0,0.0,0.0,29.0,29.0,0.0,29.0,29.0,29.0,29.0,4.906890595608519,29.0,0.0,29.0,29.0,29.0,29.0,29.0,225.0,225.0,225.0,4495.0,4495.0,4495.0,15.0,225.0,15.0,32.0,31.933333333333334,0.2494438257849294,31.0,32.0,32.0,32.0,3.0,1.1011494252873564,0.0,1.0,1.0,0.20221745817555375,0.41941825199374594,5.8516723170686385e-09,1.5707963267948966,28.0,1.6135548233808563,17.0,15.966666666666667,8.033333333333333,6.236369590203704,3.4339872044851463,5.488937726156687,QFT_Entangled,QFT_Entangled,0.0,1.0,4.264780022304282,0.2182763387296818,0.006966213119610272
qftentangled_indep_qiskit_30.qasm,CPU,single,2,0.9999940395856248,1,24.19005549999929,2,9999,427.4765625,0.002394445004500314,0.24560545499614977,0.2479999000006501,417.86328125,0.5000009101179048,0.2501012999982777,427.25,0.9999940395856248,0.49010640000051353,427.6953125,,,,,,,,,,,,,,,,,,,,,,,,,0.5000009101179048,0.9999940395856248,2,0.5000009101179048,1,0.49999312946772,2,1.0,30,30,1,1,29.0,0.056862745098039215,0.0,0.0,435.0,0.8529411764705882,0.0,0.0,0.0,0.0,15.0,0.029411764705882353,0.0,0.0,0.0,0.0,0.0,0.0,31.0,0.060784313725490195,0.0,0.0,0.0,0.0,0.0,0.0,0.0,0.0,0.0,0.0,0.0,0.0,0.0,0.0,0.0,0.0,0.0,0.0,0.0,0.0,0.0,0.0,0.0,0.0,0.0,0.0,0.0,0.0,0.0,0.0,0.0,0.0,0.0,0.0,0.0,0.0,0.0,0.0,0.0,0.0,0.0,0.0,0.0,0.0,0.0,0.0,0.0,0.0,31.0,479.0,0.0,435.0,0.9392156862745098,0.0,0.8529411764705882,4.0,510.0,241.0,163.75862068965517,66.56169301789015,4749.0,4.717280752484185,29,1.0,225.0,241.0,29.0,9.914405010438413,7.2049464865149995,0.12317327766179541,0.5511482254697286,62.0,2.066666666666667,0.27419354838709675,479.0,31.0,0.9392156862745098,435.0,1.0,1.0,1.0,1.0,0.0,0.0,0.0,0.0,0.0,29.0,29.0,0.0,29.0,29.0,29.0,29.0,4.906890595608519,29.0,0.0,29.0,29.0,29.0,29.0,29.0,225.0,225.0,225.0,4495.0,4495.0,4495.0,15.0,225.0,15.0,32.0,31.933333333333334,0.2494438257849294,31.0,32.0,32.0,32.0,3.0,1.1011494252873564,0.0,1.0,1.0,0.20221745817555375,0.41941825199374594,5.8516723170686385e-09,1.5707963267948966,28.0,1.6135548233808563,17.0,15.966666666666667,8.033333333333333,6.236369590203704,3.4339872044851463,5.488937726156687,QFT_Entangled,QFT_Entangled,0.0,0.0,3.2264492936173235,0.21962172094051358,0.0023915828889355902
qftentangled_indep_qiskit_30.qasm,GPU,double,2,0.9999999999223579,1,78.0279576999983,2,10000,877.69921875,0.006804674597459702,9.981211725401282,9.988016399998742,867.1484375,0.5000000000000376,11.962720600000466,847.3046875,0.9999999999223579,13.055875099998957,878.9609375,,,,,,,,,,,,,,,,,,,,,,,,,0.5000000000000376,0.9999999999223579,2,0.5000000000000376,1,0.49999999992232025,2,1.0,30,30,1,1,29.0,0.056862745098039215,0.0,0.0,435.0,0.8529411764705882,0.0,0.0,0.0,0.0,15.0,0.029411764705882353,0.0,0.0,0.0,0.0,0.0,0.0,31.0,0.060784313725490195,0.0,0.0,0.0,0.0,0.0,0.0,0.0,0.0,0.0,0.0,0.0,0.0,0.0,0.0,0.0,0.0,0.0,0.0,0.0,0.0,0.0,0.0,0.0,0.0,0.0,0.0,0.0,0.0,0.0,0.0,0.0,0.0,0.0,0.0,0.0,0.0,0.0,0.0,0.0,0.0,0.0,0.0,0.0,0.0,0.0,0.0,0.0,0.0,31.0,479.0,0.0,435.0,0.9392156862745098,0.0,0.8529411764705882,4.0,510.0,241.0,163.75862068965517,66.56169301789015,4749.0,4.717280752484185,29,1.0,225.0,241.0,29.0,9.914405010438413,7.2049464865149995,0.12317327766179541,0.5511482254697286,62.0,2.066666666666667,0.27419354838709675,479.0,31.0,0.9392156862745098,435.0,1.0,1.0,1.0,1.0,0.0,0.0,0.0,0.0,0.0,29.0,29.0,0.0,29.0,29.0,29.0,29.0,4.906890595608519,29.0,0.0,29.0,29.0,29.0,29.0,29.0,225.0,225.0,225.0,4495.0,4495.0,4495.0,15.0,225.0,15.0,32.0,31.933333333333334,0.2494438257849294,31.0,32.0,32.0,32.0,3.0,1.1011494252873564,0.0,1.0,1.0,0.20221745817555375,0.41941825199374594,5.8516723170686385e-09,1.5707963267948966,28.0,1.6135548233808563,17.0,15.966666666666667,8.033333333333333,6.236369590203704,3.4339872044851463,5.488937726156687,QFT_Entangled,QFT_Entangled,1.0,1.0,4.3698016847976655,2.3961857874971138,0.006781627293135391
qftentangled_indep_qiskit_30.qasm,GPU,single,2,0.9999998807907632,1,32.62459129999843,2,9999,511.83984375,0.0022830250425041176,9.794340874957255,9.796623899999759,500.51171875,0.4999999828857291,10.60055310000098,481.203125,0.9999998807907632,12.809371299999839,511.87890625,,,,,,,,,,,,,,,,,,,,,,,,,0.4999999828857291,0.9999998807907632,2,0.4999999828857291,1,0.4999998979050341,2,1.0,30,30,1,1,29.0,0.056862745098039215,0.0,0.0,435.0,0.8529411764705882,0.0,0.0,0.0,0.0,15.0,0.029411764705882353,0.0,0.0,0.0,0.0,0.0,0.0,31.0,0.060784313725490195,0.0,0.0,0.0,0.0,0.0,0.0,0.0,0.0,0.0,0.0,0.0,0.0,0.0,0.0,0.0,0.0,0.0,0.0,0.0,0.0,0.0,0.0,0.0,0.0,0.0,0.0,0.0,0.0,0.0,0.0,0.0,0.0,0.0,0.0,0.0,0.0,0.0,0.0,0.0,0.0,0.0,0.0,0.0,0.0,0.0,0.0,0.0,0.0,31.0,479.0,0.0,435.0,0.9392156862745098,0.0,0.8529411764705882,4.0,510.0,241.0,163.75862068965517,66.56169301789015,4749.0,4.717280752484185,29,1.0,225.0,241.0,29.0,9.914405010438413,7.2049464865149995,0.12317327766179541,0.5511482254697286,62.0,2.066666666666667,0.27419354838709675,479.0,31.0,0.9392156862745098,435.0,1.0,1.0,1.0,1.0,0.0,0.0,0.0,0.0,0.0,29.0,29.0,0.0,29.0,29.0,29.0,29.0,4.906890595608519,29.0,0.0,29.0,29.0,29.0,29.0,29.0,225.0,225.0,225.0,4495.0,4495.0,4495.0,15.0,225.0,15.0,32.0,31.933333333333334,0.2494438257849294,31.0,32.0,32.0,32.0,3.0,1.1011494252873564,0.0,1.0,1.0,0.20221745817555375,0.41941825199374594,5.8516723170686385e-09,1.5707963267948966,28.0,1.6135548233808563,17.0,15.966666666666667,8.033333333333333,6.236369590203704,3.4339872044851463,5.488937726156687,QFT_Entangled,QFT_Entangled,1.0,0.0,3.515257683201248,2.379022003738321,0.0022804229005826365
qnn_indep_qiskit_20.qasm,CPU,double,32,0.9998882017929162,5,49.9247598999973,32,7273,434.4375,0.004875131713171283,1.173442768284466,1.1783178999976371,421.6796875,0.0010036119355930709,0.2713124000001699,430.00390625,0.08059772215295195,0.43125700000018696,429.7734375,0.3886450154740636,0.6085741999995662,429.6484375,0.3459465284371138,1.3670860000020184,429.94921875,0.92645448957619,6.42811200000142,431.96484375,0.9998882017929162,12.019350300000951,434.92578125,,,,,,,,,,,,,0.0010036119355930709,0.9998882017929162,6,0.0010036119355930709,5,0.5805079611390762,16,1.0,20,20,1,1,779.0,0.6287328490718321,0.0,0.0,0.0,0.0,0.0,0.0,0.0,0.0,0.0,0.0,0.0,0.0,0.0,0.0,0.0,0.0,0.0,0.0,0.0,0.0,0.0,0.0,0.0,0.0,0.0,0.0,40.0,0.03228410008071025,0.0,0.0,380.0,0.30669895076674736,0.0,0.0,0.0,0.0,40.0,0.03228410008071025,0.0,0.0,0.0,0.0,0.0,0.0,0.0,0.0,0.0,0.0,0.0,0.0,0.0,0.0,0.0,0.0,0.0,0.0,0.0,0.0,0.0,0.0,0.0,0.0,0.0,0.0,0.0,0.0,460.0,779.0,0.0,460.0,0.6287328490718321,0.0,0.37126715092816787,4.0,1239.0,401.0,281.0,106.8831137270991,5339.0,4.126911613666645,19,1.0,100.0,401.0,19.0,6.853658536585366,4.620004094654273,0.12195121951219512,0.5391527599486521,194.0,9.7,0.31932989690721647,779.0,438.0,0.6287328490718321,190.0,1.0,1.0,1.0,1.0,0.0,0.0,0.0,0.0,0.0,19.0,19.0,0.0,19.0,19.0,19.0,19.0,4.321928094887363,19.0,0.0,19.0,19.0,19.0,19.0,19.0,100.0,100.0,100.0,1330.0,1330.0,1330.0,10.0,100.0,10.0,78.0,77.9,0.30000000000000004,77.0,78.0,78.0,78.0,5.0,4.1,0.0,1.0,1.0,7.42307364070828,3.15916882400559,0.03656042440555296,9.172838187819544,43.0,1.2743430361268762,61.95,38.95,20.05,7.122866658599083,3.044522437723423,5.996452088619021,QNN,QNN,0.0,1.0,3.9303492473250694,0.7763124395078791,0.004863286740163892
qnn_indep_qiskit_20.qasm,CPU,single,32,0.9999053500677321,5,24.692358100001,32,7279,432.7734375,0.001295109320932316,11.741264890677844,11.742559999998775,422.00390625,0.0010036005781741209,0.2269575000027544,429.171875,0.08106271954957234,0.37824449999970966,429.47265625,0.3887908343623734,0.4508741999998165,429.94921875,0.3457295929977409,1.1698257999996713,429.53125,0.9261289846888594,4.122700600000826,430.3203125,0.9999053500677321,19.021768599999632,433.859375,,,,,,,,,,,,,0.0010036005781741209,0.9999053500677321,6,0.0010036005781741209,5,0.5803993916911185,16,1.0,20,20,1,1,779.0,0.6287328490718321,0.0,0.0,0.0,0.0,0.0,0.0,0.0,0.0,0.0,0.0,0.0,0.0,0.0,0.0,0.0,0.0,0.0,0.0,0.0,0.0,0.0,0.0,0.0,0.0,0.0,0.0,40.0,0.03228410008071025,0.0,0.0,380.0,0.30669895076674736,0.0,0.0,0.0,0.0,40.0,0.03228410008071025,0.0,0.0,0.0,0.0,0.0,0.0,0.0,0.0,0.0,0.0,0.0,0.0,0.0,0.0,0.0,0.0,0.0,0.0,0.0,0.0,0.0,0.0,0.0,0.0,0.0,0.0,0.0,0.0,460.0,779.0,0.0,460.0,0.6287328490718321,0.0,0.37126715092816787,4.0,1239.0,401.0,281.0,106.8831137270991,5339.0,4.126911613666645,19,1.0,100.0,401.0,19.0,6.853658536585366,4.620004094654273,0.12195121951219512,0.5391527599486521,194.0,9.7,0.31932989690721647,779.0,438.0,0.6287328490718321,190.0,1.0,1.0,1.0,1.0,0.0,0.0,0.0,0.0,0.0,19.0,19.0,0.0,19.0,19.0,19.0,19.0,4.321928094887363,19.0,0.0,19.0,19.0,19.0,19.0,19.0,100.0,100.0,100.0,1330.0,1330.0,1330.0,10.0,100.0,10.0,78.0,77.9,0.30000000000000004,77.0,78.0,78.0,78.0,5.0,4.1,0.0,1.0,1.0,7.42307364070828,3.15916882400559,0.03656042440555296,9.172838187819544,43.0,1.2743430361268762,61.95,38.95,20.05,7.122866658599083,3.044522437723423,5.996452088619021,QNN,QNN,0.0,0.0,3.246193597489326,2.544845930198152,0.0012942713902522613
qnn_indep_qiskit_20.qasm,GPU,double,32,0.9998902180167684,5,74.64191109999956,32,7417,895.8671875,0.004527958925892482,29.362321841074746,29.366849800000637,880.22265625,0.001003611935593058,6.78613949999999,846.125,0.08059498050284118,8.761961000000156,876.87890625,0.38864502061306194,19.307344400000147,879.54296875,0.3458949870977152,21.100037999996857,880.51953125,0.9264512753558192,33.681104100000084,885.1328125,0.9998902180167684,49.46049719999792,895.06640625,,,,,,,,,,,,,0.001003611935593058,0.9998902180167684,6,0.001003611935593058,5,0.5805562882581039,16,1.0,20,20,1,1,779.0,0.6287328490718321,0.0,0.0,0.0,0.0,0.0,0.0,0.0,0.0,0.0,0.0,0.0,0.0,0.0,0.0,0.0,0.0,0.0,0.0,0.0,0.0,0.0,0.0,0.0,0.0,0.0,0.0,40.0,0.03228410008071025,0.0,0.0,380.0,0.30669895076674736,0.0,0.0,0.0,0.0,40.0,0.03228410008071025,0.0,0.0,0.0,0.0,0.0,0.0,0.0,0.0,0.0,0.0,0.0,0.0,0.0,0.0,0.0,0.0,0.0,0.0,0.0,0.0,0.0,0.0,0.0,0.0,0.0,0.0,0.0,0.0,460.0,779.0,0.0,460.0,0.6287328490718321,0.0,0.37126715092816787,4.0,1239.0,401.0,281.0,106.8831137270991,5339.0,4.126911613666645,19,1.0,100.0,401.0,19.0,6.853658536585366,4.620004094654273,0.12195121951219512,0.5391527599486521,194.0,9.7,0.31932989690721647,779.0,438.0,0.6287328490718321,190.0,1.0,1.0,1.0,1.0,0.0,0.0,0.0,0.0,0.0,19.0,19.0,0.0,19.0,19.0,19.0,19.0,4.321928094887363,19.0,0.0,19.0,19.0,19.0,19.0,19.0,100.0,100.0,100.0,1330.0,1330.0,1330.0,10.0,100.0,10.0,78.0,77.9,0.30000000000000004,77.0,78.0,78.0,78.0,5.0,4.1,0.0,1.0,1.0,7.42307364070828,3.15916882400559,0.03656042440555296,9.172838187819544,43.0,1.2743430361268762,61.95,38.95,20.05,7.122866658599083,3.044522437723423,5.996452088619021,QNN,QNN,1.0,1.0,4.326010509203495,3.4132024265819605,0.004517738559860398
qnn_indep_qiskit_20.qasm,GPU,single,32,0.9998338292593077,5,27.040457899998728,32,7428,526.70703125,0.0014427546254623597,12.612911645375132,12.614354400000593,513.1640625,0.0010036095222859254,5.977585399999953,478.94921875,0.0804939225220064,8.416695600000821,509.74609375,0.38864879095079985,11.44723779999913,511.24609375,0.34606144147760154,13.654566500001238,513.31640625,0.9264567973440528,18.851111299998593,517.3515625,0.9998338292593077,21.74989579999965,526.78515625,,,,,,,,,,,,,0.0010036095222859254,0.9998338292593077,6,0.0010036095222859254,5,0.5803953558664513,16,1.0,20,20,1,1,779.0,0.6287328490718321,0.0,0.0,0.0,0.0,0.0,0.0,0.0,0.0,0.0,0.0,0.0,0.0,0.0,0.0,0.0,0.0,0.0,0.0,0.0,0.0,0.0,0.0,0.0,0.0,0.0,0.0,40.0,0.03228410008071025,0.0,0.0,380.0,0.30669895076674736,0.0,0.0,0.0,0.0,40.0,0.03228410008071025,0.0,0.0,0.0,0.0,0.0,0.0,0.0,0.0,0.0,0.0,0.0,0.0,0.0,0.0,0.0,0.0,0.0,0.0,0.0,0.0,0.0,0.0,0.0,0.0,0.0,0.0,0.0,0.0,460.0,779.0,0.0,460.0,0.6287328490718321,0.0,0.37126715092816787,4.0,1239.0,401.0,281.0,106.8831137270991,5339.0,4.126911613666645,19,1.0,100.0,401.0,19.0,6.853658536585366,4.620004094654273,0.12195121951219512,0.5391527599486521,194.0,9.7,0.31932989690721647,779.0,438.0,0.6287328490718321,190.0,1.0,1.0,1.0,1.0,0.0,0.0,0.0,0.0,0.0,19.0,19.0,0.0,19.0,19.0,19.0,19.0,4.321928094887363,19.0,0.0,19.0,19.0,19.0,19.0,19.0,100.0,100.0,100.0,1330.0,1330.0,1330.0,10.0,100.0,10.0,78.0,77.9,0.30000000000000004,77.0,78.0,78.0,78.0,5.0,4.1,0.0,1.0,1.0,7.42307364070828,3.15916882400559,0.03656042440555296,9.172838187819544,43.0,1.2743430361268762,61.95,38.95,20.05,7.122866658599083,3.044522437723423,5.996452088619021,QNN,QNN,1.0,0.0,3.3336483922755176,2.611018728049795,0.0014417148549766838
qpeexact_indep_qiskit_100.qasm,CPU,double,1,0.9999999999983897,0,1460.3537848000014,1,1,433.5546875,0.1456480506050607,3.873278749394402,4.018926799999463,424.57421875,0.9999999999983897,6.259242099997209,441.0,,,,,,,,,,,,,,,,,,,,,,,,,,,,0.9999999999983897,0.9999999999983897,1,0.9999999999983897,0,0.0,1,1.0,100,99,2,1,0.0,0.0,0.0,0.0,4950.0,0.9522893420546364,0.0,0.0,0.0,0.0,49.0,0.009426702577914583,0.0,0.0,0.0,0.0,0.0,0.0,198.0,0.03809157368218546,1.0,0.00019238168526356292,0.0,0.0,0.0,0.0,0.0,0.0,0.0,0.0,0.0,0.0,0.0,0.0,0.0,0.0,0.0,0.0,0.0,0.0,0.0,0.0,0.0,0.0,0.0,0.0,0.0,0.0,0.0,0.0,0.0,0.0,0.0,0.0,0.0,0.0,0.0,0.0,0.0,0.0,0.0,0.0,0.0,0.0,0.0,0.0,0.0,0.0,199.0,4999.0,0.0,4950.0,0.961716044632551,0.0,0.9522893420546364,4.0,5198.0,2549.0,1708.080808080808,744.1764844005087,169100.0,6.461278600473072,99,1.0,2500.0,2549.0,99.0,33.82676535307061,23.556947631548002,0.01980396079215843,0.5625125025005001,298.0,2.98,0.17442953020134228,4999.0,99.0,0.961716044632551,4950.0,1.0,1.0,1.0,1.0,0.0,0.0,0.0,0.0,0.0,99.0,99.0,0.0,99.0,99.0,99.0,99.0,6.643856189774724,99.0,0.0,99.0,99.0,99.0,99.0,99.0,2500.0,2500.0,2500.0,166650.0,166650.0,166650.0,50.0,2500.0,50.0,100.0,99.98,0.13999999999999999,99.0,100.0,100.0,100.0,2.0,1.0098989898989899,0.0,1.0,1.0,0.09344770335342106,0.35158209149528574,0.0,3.141592653589793,127.0,0.7369595163396282,51.98,49.99,25.49,8.556221578383715,4.61512051684126,7.843848638152472,QPE_Exact,QPE_Exact,0.0,1.0,7.287118534934805,1.583766965056132,0.135970459959388
qpeexact_indep_qiskit_100.qasm,CPU,single,1,0.999980572219307,0,283.0733005000002,1,1,433.76171875,0.028148121612161105,1.5920843783891323,1.6202325000012934,423.21875,0.999980572219307,2.3785233999988122,439.57421875,,,,,,,,,,,,,,,,,,,,,,,,,,,,0.999980572219307,0.999980572219307,1,0.999980572219307,0,0.0,1,1.0,100,99,2,1,0.0,0.0,0.0,0.0,4950.0,0.9522893420546364,0.0,0.0,0.0,0.0,49.0,0.009426702577914583,0.0,0.0,0.0,0.0,0.0,0.0,198.0,0.03809157368218546,1.0,0.00019238168526356292,0.0,0.0,0.0,0.0,0.0,0.0,0.0,0.0,0.0,0.0,0.0,0.0,0.0,0.0,0.0,0.0,0.0,0.0,0.0,0.0,0.0,0.0,0.0,0.0,0.0,0.0,0.0,0.0,0.0,0.0,0.0,0.0,0.0,0.0,0.0,0.0,0.0,0.0,0.0,0.0,0.0,0.0,0.0,0.0,0.0,0.0,199.0,4999.0,0.0,4950.0,0.961716044632551,0.0,0.9522893420546364,4.0,5198.0,2549.0,1708.080808080808,744.1764844005087,169100.0,6.461278600473072,99,1.0,2500.0,2549.0,99.0,33.82676535307061,23.556947631548002,0.01980396079215843,0.5625125025005001,298.0,2.98,0.17442953020134228,4999.0,99.0,0.961716044632551,4950.0,1.0,1.0,1.0,1.0,0.0,0.0,0.0,0.0,0.0,99.0,99.0,0.0,99.0,99.0,99.0,99.0,6.643856189774724,99.0,0.0,99.0,99.0,99.0,99.0,99.0,2500.0,2500.0,2500.0,166650.0,166650.0,166650.0,50.0,2500.0,50.0,100.0,99.98,0.13999999999999999,99.0,100.0,100.0,100.0,2.0,1.0098989898989899,0.0,1.0,1.0,0.09344770335342106,0.35158209149528574,0.0,3.141592653589793,127.0,0.7369595163396282,51.98,49.99,25.49,8.556221578383715,4.61512051684126,7.843848638152472,QPE_Exact,QPE_Exact,0.0,0.0,5.649232305211154,0.9524623313510471,0.02775924382477686
qpeexact_indep_qiskit_100.qasm,GPU,double,1,1.0000000000013096,0,1840.5101435999986,1,1,876.83984375,0.15190406776677645,321.46946593223396,321.62137000000075,863.90625,1.0000000000013096,354.76892299999963,902.7421875,,,,,,,,,,,,,,,,,,,,,,,,,,,,1.0000000000013096,1.0000000000013096,1,1.0000000000013096,0,0.0,1,1.0,100,99,2,1,0.0,0.0,0.0,0.0,4950.0,0.9522893420546364,0.0,0.0,0.0,0.0,49.0,0.009426702577914583,0.0,0.0,0.0,0.0,0.0,0.0,198.0,0.03809157368218546,1.0,0.00019238168526356292,0.0,0.0,0.0,0.0,0.0,0.0,0.0,0.0,0.0,0.0,0.0,0.0,0.0,0.0,0.0,0.0,0.0,0.0,0.0,0.0,0.0,0.0,0.0,0.0,0.0,0.0,0.0,0.0,0.0,0.0,0.0,0.0,0.0,0.0,0.0,0.0,0.0,0.0,0.0,0.0,0.0,0.0,0.0,0.0,0.0,0.0,199.0,4999.0,0.0,4950.0,0.961716044632551,0.0,0.9522893420546364,4.0,5198.0,2549.0,1708.080808080808,744.1764844005087,169100.0,6.461278600473072,99,1.0,2500.0,2549.0,99.0,33.82676535307061,23.556947631548002,0.01980396079215843,0.5625125025005001,298.0,2.98,0.17442953020134228,4999.0,99.0,0.961716044632551,4950.0,1.0,1.0,1.0,1.0,0.0,0.0,0.0,0.0,0.0,99.0,99.0,0.0,99.0,99.0,99.0,99.0,6.643856189774724,99.0,0.0,99.0,99.0,99.0,99.0,99.0,2500.0,2500.0,2500.0,166650.0,166650.0,166650.0,50.0,2500.0,50.0,100.0,99.98,0.13999999999999999,99.0,100.0,100.0,100.0,2.0,1.0098989898989899,0.0,1.0,1.0,0.09344770335342106,0.35158209149528574,0.0,3.141592653589793,127.0,0.7369595163396282,51.98,49.99,25.49,8.556221578383715,4.61512051684126,7.843848638152472,QPE_Exact,QPE_Exact,1.0,1.0,7.518341244205544,5.776008452473566,0.1414162842981786
qpeexact_indep_qiskit_100.qasm,GPU,single,1,0.9999921337928853,0,553.8629766000013,1,1,510.296875,0.027722827562756364,276.63470097243766,276.6624238000004,496.44140625,0.9999921337928853,309.4213481000006,535.45703125,,,,,,,,,,,,,,,,,,,,,,,,,,,,0.9999921337928853,0.9999921337928853,1,0.9999921337928853,0,0.0,1,1.0,100,99,2,1,0.0,0.0,0.0,0.0,4950.0,0.9522893420546364,0.0,0.0,0.0,0.0,49.0,0.009426702577914583,0.0,0.0,0.0,0.0,0.0,0.0,198.0,0.03809157368218546,1.0,0.00019238168526356292,0.0,0.0,0.0,0.0,0.0,0.0,0.0,0.0,0.0,0.0,0.0,0.0,0.0,0.0,0.0,0.0,0.0,0.0,0.0,0.0,0.0,0.0,0.0,0.0,0.0,0.0,0.0,0.0,0.0,0.0,0.0,0.0,0.0,0.0,0.0,0.0,0.0,0.0,0.0,0.0,0.0,0.0,0.0,0.0,0.0,0.0,199.0,4999.0,0.0,4950.0,0.961716044632551,0.0,0.9522893420546364,4.0,5198.0,2549.0,1708.080808080808,744.1764844005087,169100.0,6.461278600473072,99,1.0,2500.0,2549.0,99.0,33.82676535307061,23.556947631548002,0.01980396079215843,0.5625125025005001,298.0,2.98,0.17442953020134228,4999.0,99.0,0.961716044632551,4950.0,1.0,1.0,1.0,1.0,0.0,0.0,0.0,0.0,0.0,99.0,99.0,0.0,99.0,99.0,99.0,99.0,6.643856189774724,99.0,0.0,99.0,99.0,99.0,99.0,99.0,2500.0,2500.0,2500.0,166650.0,166650.0,166650.0,50.0,2500.0,50.0,100.0,99.98,0.13999999999999999,99.0,100.0,100.0,100.0,2.0,1.0098989898989899,0.0,1.0,1.0,0.09344770335342106,0.35158209149528574,0.0,3.141592653589793,127.0,0.7369595163396282,51.98,49.99,25.49,8.556221578383715,4.61512051684126,7.843848638152472,QPE_Exact,QPE_Exact,1.0,0.0,6.318721194255319,5.62630622432338,0.027345507684731537
qpeexact_indep_qiskit_30.qasm,CPU,double,1,0.9999999999999507,0,116.68948549999914,1,1,427.68359375,0.011647114181418011,0.21834368581903268,0.2299908000004507,418.078125,0.9999999999999507,0.9083768000000418,427.73828125,,,,,,,,,,,,,,,,,,,,,,,,,,,,0.9999999999999507,0.9999999999999507,1,0.9999999999999507,0,0.0,1,1.0,30,29,2,1,0.0,0.0,0.0,0.0,434.0,0.8560157790927022,0.0,0.0,0.0,0.0,14.0,0.027613412228796843,0.0,0.0,0.0,0.0,0.0,0.0,58.0,0.11439842209072978,1.0,0.0019723865877712033,0.0,0.0,0.0,0.0,0.0,0.0,0.0,0.0,0.0,0.0,0.0,0.0,0.0,0.0,0.0,0.0,0.0,0.0,0.0,0.0,0.0,0.0,0.0,0.0,0.0,0.0,0.0,0.0,0.0,0.0,0.0,0.0,0.0,0.0,0.0,0.0,0.0,0.0,0.0,0.0,0.0,0.0,0.0,0.0,0.0,0.0,59.0,448.0,0.0,434.0,0.883629191321499,0.0,0.8560157790927022,4.0,507.0,239.0,162.20689655172413,66.61281812567661,4704.0,4.7136932786143975,29,1.0,225.0,239.0,29.0,10.5,7.0222859525940695,0.0625,0.5892857142857143,86.0,2.8666666666666667,0.19651162790697674,448.0,29.0,0.883629191321499,434.0,0.9977011494252873,1.0,1.0,0.9977011494252873,0.0,0.0,0.0,0.0,0.0,29.0,28.933333333333334,0.24944382578492943,28.0,29.0,29.0,29.0,4.9068364355794865,28.0,0.0,28.0,28.0,29.0,28.0,28.0,225.0,224.0,224.0,4494.0,4466.0,4466.0,15.0,224.0,14.96551724137931,30.0,29.866666666666667,0.42687494916218993,28.0,30.0,30.0,30.0,2.0,1.032258064516129,0.0,1.0,1.0,0.3062330582961082,0.5961580575580158,1.1703344634137277e-08,3.141592653589793,55.0,1.734490417524132,16.9,14.933333333333334,7.966666666666667,6.230481447578482,3.4339872044851463,5.480638923341991,QPE_Exact,QPE_Exact,0.0,1.0,4.768049677225662,0.1974923017498147,0.011579808653042273
qpeexact_indep_qiskit_30.qasm,CPU,single,1,0.9999946355917999,0,22.94623000000138,1,1,432.69921875,0.002272246634663496,0.22376365336641593,0.22603590000107943,417.96875,0.9999946355917999,0.3568584999993618,427.625,,,,,,,,,,,,,,,,,,,,,,,,,,,,0.9999946355917999,0.9999946355917999,1,0.9999946355917999,0,0.0,1,1.0,30,29,2,1,0.0,0.0,0.0,0.0,434.0,0.8560157790927022,0.0,0.0,0.0,0.0,14.0,0.027613412228796843,0.0,0.0,0.0,0.0,0.0,0.0,58.0,0.11439842209072978,1.0,0.0019723865877712033,0.0,0.0,0.0,0.0,0.0,0.0,0.0,0.0,0.0,0.0,0.0,0.0,0.0,0.0,0.0,0.0,0.0,0.0,0.0,0.0,0.0,0.0,0.0,0.0,0.0,0.0,0.0,0.0,0.0,0.0,0.0,0.0,0.0,0.0,0.0,0.0,0.0,0.0,0.0,0.0,0.0,0.0,0.0,0.0,0.0,0.0,59.0,448.0,0.0,434.0,0.883629191321499,0.0,0.8560157790927022,4.0,507.0,239.0,162.20689655172413,66.61281812567661,4704.0,4.7136932786143975,29,1.0,225.0,239.0,29.0,10.5,7.0222859525940695,0.0625,0.5892857142857143,86.0,2.8666666666666667,0.19651162790697674,448.0,29.0,0.883629191321499,434.0,0.9977011494252873,1.0,1.0,0.9977011494252873,0.0,0.0,0.0,0.0,0.0,29.0,28.933333333333334,0.24944382578492943,28.0,29.0,29.0,29.0,4.9068364355794865,28.0,0.0,28.0,28.0,29.0,28.0,28.0,225.0,224.0,224.0,4494.0,4466.0,4466.0,15.0,224.0,14.96551724137931,30.0,29.866666666666667,0.42687494916218993,28.0,30.0,30.0,30.0,2.0,1.032258064516129,0.0,1.0,1.0,0.3062330582961082,0.5961580575580158,1.1703344634137277e-08,3.141592653589793,55.0,1.734490417524132,16.9,14.933333333333334,7.966666666666667,6.230481447578482,3.4339872044851463,5.480638923341991,QPE_Exact,QPE_Exact,0.0,0.0,3.1758109001930404,0.20193107179026543,0.002269668986242617
qpeexact_indep_qiskit_30.qasm,GPU,double,1,1.0000000000000107,0,132.2056378999987,1,1,850.19140625,0.01237115252525241,8.494112647474589,8.506483799999842,836.65625,1.0000000000000107,11.599242000000231,847.8671875,,,,,,,,,,,,,,,,,,,,,,,,,,,,1.0000000000000107,1.0000000000000107,1,1.0000000000000107,0,0.0,1,1.0,30,29,2,1,0.0,0.0,0.0,0.0,434.0,0.8560157790927022,0.0,0.0,0.0,0.0,14.0,0.027613412228796843,0.0,0.0,0.0,0.0,0.0,0.0,58.0,0.11439842209072978,1.0,0.0019723865877712033,0.0,0.0,0.0,0.0,0.0,0.0,0.0,0.0,0.0,0.0,0.0,0.0,0.0,0.0,0.0,0.0,0.0,0.0,0.0,0.0,0.0,0.0,0.0,0.0,0.0,0.0,0.0,0.0,0.0,0.0,0.0,0.0,0.0,0.0,0.0,0.0,0.0,0.0,0.0,0.0,0.0,0.0,0.0,0.0,0.0,0.0,59.0,448.0,0.0,434.0,0.883629191321499,0.0,0.8560157790927022,4.0,507.0,239.0,162.20689655172413,66.61281812567661,4704.0,4.7136932786143975,29,1.0,225.0,239.0,29.0,10.5,7.0222859525940695,0.0625,0.5892857142857143,86.0,2.8666666666666667,0.19651162790697674,448.0,29.0,0.883629191321499,434.0,0.9977011494252873,1.0,1.0,0.9977011494252873,0.0,0.0,0.0,0.0,0.0,29.0,28.933333333333334,0.24944382578492943,28.0,29.0,29.0,29.0,4.9068364355794865,28.0,0.0,28.0,28.0,29.0,28.0,28.0,225.0,224.0,224.0,4494.0,4466.0,4466.0,15.0,224.0,14.96551724137931,30.0,29.866666666666667,0.42687494916218993,28.0,30.0,30.0,30.0,2.0,1.032258064516129,0.0,1.0,1.0,0.3062330582961082,0.5961580575580158,1.1703344634137277e-08,3.141592653589793,55.0,1.734490417524132,16.9,14.933333333333334,7.966666666666667,6.230481447578482,3.4339872044851463,5.480638923341991,QPE_Exact,QPE_Exact,1.0,1.0,4.891894083787111,2.250671885181402,0.012295255135545196
qpeexact_indep_qiskit_30.qasm,GPU,single,1,0.9999989271919102,0,30.695494800000233,1,1,484.0859375,0.0023404311831183664,7.291182968816567,7.293523399999685,469.9296875,0.9999989271919102,9.820075399999041,481.72265625,,,,,,,,,,,,,,,,,,,,,,,,,,,,0.9999989271919102,0.9999989271919102,1,0.9999989271919102,0,0.0,1,1.0,30,29,2,1,0.0,0.0,0.0,0.0,434.0,0.8560157790927022,0.0,0.0,0.0,0.0,14.0,0.027613412228796843,0.0,0.0,0.0,0.0,0.0,0.0,58.0,0.11439842209072978,1.0,0.0019723865877712033,0.0,0.0,0.0,0.0,0.0,0.0,0.0,0.0,0.0,0.0,0.0,0.0,0.0,0.0,0.0,0.0,0.0,0.0,0.0,0.0,0.0,0.0,0.0,0.0,0.0,0.0,0.0,0.0,0.0,0.0,0.0,0.0,0.0,0.0,0.0,0.0,0.0,0.0,0.0,0.0,0.0,0.0,0.0,0.0,0.0,0.0,59.0,448.0,0.0,434.0,0.883629191321499,0.0,0.8560157790927022,4.0,507.0,239.0,162.20689655172413,66.61281812567661,4704.0,4.7136932786143975,29,1.0,225.0,239.0,29.0,10.5,7.0222859525940695,0.0625,0.5892857142857143,86.0,2.8666666666666667,0.19651162790697674,448.0,29.0,0.883629191321499,434.0,0.9977011494252873,1.0,1.0,0.9977011494252873,0.0,0.0,0.0,0.0,0.0,29.0,28.933333333333334,0.24944382578492943,28.0,29.0,29.0,29.0,4.9068364355794865,28.0,0.0,28.0,28.0,29.0,28.0,28.0,225.0,224.0,224.0,4494.0,4466.0,4466.0,15.0,224.0,14.96551724137931,30.0,29.866666666666667,0.42687494916218993,28.0,30.0,30.0,30.0,2.0,1.032258064516129,0.0,1.0,1.0,0.3062330582961082,0.5961580575580158,1.1703344634137277e-08,3.141592653589793,55.0,1.734490417524132,16.9,14.933333333333334,7.966666666666667,6.230481447578482,3.4339872044851463,5.480638923341991,QPE_Exact,QPE_Exact,1.0,0.0,3.456174550909439,2.1151926572558626,0.0023376966398992735
shor_15_4_indep_qiskit_18.qasm,CPU,double,4,0.999999999994625,2,20.17139440000028,4,4,444.171875,0.0019551284928492974,0.6201094715073087,0.622064600000158,429.18359375,0.003906249999994733,1.5811848000012105,450.02734375,0.0,1.764285800003563,450.08984375,0.999999999994625,1.6460073000052944,450.4140625,,,,,,,0.9999999999930989,2.2803454999957466,452.60546875,0.999999999994337,2.3121627000073204,453.375,0.999999999994337,2.1305719999945723,453.57421875,0.999999999994337,2.202185299989651,453.37109375,0.999999999994337,2.2127416000002995,453.125,0.0,0.999999999994625,8,0.003906249999994733,2,0.999999999994625,4,1.0,18,18,3,1,2048.0,0.20739240506329115,0.0,0.0,6108.0,0.6185316455696203,0.0,0.0,0.0,0.0,4.0,0.00040506329113924053,0.0,0.0,0.0,0.0,32.0,0.0032405063291139242,1234.0,0.1249620253164557,1.0,0.00010126582278481013,0.0,0.0,0.0,0.0,0.0,0.0,0.0,0.0,0.0,0.0,256.0,0.025924050632911394,0.0,0.0,0.0,0.0,192.0,0.019443037974683545,0.0,0.0,0.0,0.0,0.0,0.0,0.0,0.0,0.0,0.0,0.0,0.0,0.0,0.0,0.0,0.0,0.0,0.0,0.0,0.0,0.0,0.0,0.0,0.0,0.0,0.0,0.0,0.0,1683.0,8160.0,32.0,6556.0,0.8263291139240506,0.0032405063291139242,0.6638987341772152,8.0,9875.0,3904.0,2564.0,1102.0344822191364,43588.0,3.9237452082879076,17,1.0,72.0,3904.0,16.0,5.279554263565892,3.8658273023444267,0.1769622093023256,0.46584302325581395,6213.0,345.1666666666667,0.08830051683745552,8192.0,1513.0,0.8295696202531646,135.0,0.8823529411764706,1.0,1.0,0.9410130718954248,0.0,0.0,0.0,0.0,0.0,17.0,15.0,2.8284271247461903,5.0,16.0,13.75,16.75,4.138049495850636,13.0,0.0,13.0,13.0,16.0,17.0,16.0,72.0,74.0,72.0,821.0,857.0,821.0,8.0,69.0,8.4375,1920.0,917.3333333333334,574.962027731687,448.0,616.0,496.0,1540.0,288.0,61.15555555555556,0.0,1.0,1.0,1.1306138563923265,1.3063966275829484,0.0,5.890486225480862,13.0,2.0295409491598706,548.6111111111111,455.1111111111111,216.88888888888889,9.19786285046507,2.9444389791664403,8.270013062273787,Shor,Shor,0.0,1.0,3.052650949770296,0.4824937219657165,0.001953219716667724
shor_15_4_indep_qiskit_18.qasm,GPU,double,4,0.9999999999957008,2,77.75914030000422,4,4,927.9296875,0.0021646170917096258,56.11296938290796,56.11513399999967,919.80078125,0.003906250000001159,58.226875699998345,923.21875,0.50000000000011,72.01595860000089,972.65625,0.9999999999957008,105.72358689999965,986.15625,,,,,,,,,,,,,,,,,,,,,,0.003906250000001159,0.9999999999957008,3,0.003906250000001159,2,0.49999999999559075,4,1.0,18,18,3,1,2048.0,0.20739240506329115,0.0,0.0,6108.0,0.6185316455696203,0.0,0.0,0.0,0.0,4.0,0.00040506329113924053,0.0,0.0,0.0,0.0,32.0,0.0032405063291139242,1234.0,0.1249620253164557,1.0,0.00010126582278481013,0.0,0.0,0.0,0.0,0.0,0.0,0.0,0.0,0.0,0.0,256.0,0.025924050632911394,0.0,0.0,0.0,0.0,192.0,0.019443037974683545,0.0,0.0,0.0,0.0,0.0,0.0,0.0,0.0,0.0,0.0,0.0,0.0,0.0,0.0,0.0,0.0,0.0,0.0,0.0,0.0,0.0,0.0,0.0,0.0,0.0,0.0,0.0,0.0,1683.0,8160.0,32.0,6556.0,0.8263291139240506,0.0032405063291139242,0.6638987341772152,8.0,9875.0,3904.0,2564.0,1102.0344822191364,43588.0,3.9237452082879076,17,1.0,72.0,3904.0,16.0,5.279554263565892,3.8658273023444267,0.1769622093023256,0.46584302325581395,6213.0,345.1666666666667,0.08830051683745552,8192.0,1513.0,0.8295696202531646,135.0,0.8823529411764706,1.0,1.0,0.9410130718954248,0.0,0.0,0.0,0.0,0.0,17.0,15.0,2.8284271247461903,5.0,16.0,13.75,16.75,4.138049495850636,13.0,0.0,13.0,13.0,16.0,17.0,16.0,72.0,74.0,72.0,821.0,857.0,821.0,8.0,69.0,8.4375,1920.0,917.3333333333334,574.962027731687,448.0,616.0,496.0,1540.0,288.0,61.15555555555556,0.0,1.0,1.0,1.1306138563923265,1.3063966275829484,0.0,5.890486225480862,13.0,2.0295409491598706,548.6111111111111,455.1111111111111,216.88888888888889,9.19786285046507,2.9444389791664403,8.270013062273787,Shor,Shor,1.0,1.0,4.366394338272095,4.045031225422621,0.0021622776834731993
shor_15_4_indep_qiskit_18.qasm,GPU,single,4,1.0000002384214977,2,46.13232920000155,4,4,560.640625,0.0007832824982505062,38.29950421749649,38.30028749999474,551.109375,0.003906251889977048,52.62416060000396,555.0234375,0.49999939283177164,62.97335779999412,602.78125,1.0000002384214977,75.43384099999821,617.41015625,,,,,,,,,,,,,,,,,,,,,,0.003906251889977048,1.0000002384214977,3,0.003906251889977048,2,0.500000845589726,4,1.0,18,18,3,1,2048.0,0.20739240506329115,0.0,0.0,6108.0,0.6185316455696203,0.0,0.0,0.0,0.0,4.0,0.00040506329113924053,0.0,0.0,0.0,0.0,32.0,0.0032405063291139242,1234.0,0.1249620253164557,1.0,0.00010126582278481013,0.0,0.0,0.0,0.0,0.0,0.0,0.0,0.0,0.0,0.0,256.0,0.025924050632911394,0.0,0.0,0.0,0.0,192.0,0.019443037974683545,0.0,0.0,0.0,0.0,0.0,0.0,0.0,0.0,0.0,0.0,0.0,0.0,0.0,0.0,0.0,0.0,0.0,0.0,0.0,0.0,0.0,0.0,0.0,0.0,0.0,0.0,0.0,0.0,1683.0,8160.0,32.0,6556.0,0.8263291139240506,0.0032405063291139242,0.6638987341772152,8.0,9875.0,3904.0,2564.0,1102.0344822191364,43588.0,3.9237452082879076,17,1.0,72.0,3904.0,16.0,5.279554263565892,3.8658273023444267,0.1769622093023256,0.46584302325581395,6213.0,345.1666666666667,0.08830051683745552,8192.0,1513.0,0.8295696202531646,135.0,0.8823529411764706,1.0,1.0,0.9410130718954248,0.0,0.0,0.0,0.0,0.0,17.0,15.0,2.8284271247461903,5.0,16.0,13.75,16.75,4.138049495850636,13.0,0.0,13.0,13.0,16.0,17.0,16.0,72.0,74.0,72.0,821.0,857.0,821.0,8.0,69.0,8.4375,1920.0,917.3333333333334,574.962027731687,448.0,616.0,496.0,1540.0,288.0,61.15555555555556,0.0,1.0,1.0,1.1306138563923265,1.3063966275829484,0.0,5.890486225480862,13.0,2.0295409491598706,548.6111111111111,455.1111111111111,216.88888888888889,9.19786285046507,2.9444389791664403,8.270013062273787,Shor,Shor,1.0,0.0,3.852959160465621,3.6712119034647634,0.0007829758926099152
twolocalrandom_indep_qiskit_30.qasm,GPU,double,256,0.9999765129577427,8,878.3766337000015,256,9984,972.69140625,0.011244181828183075,765.9348154181708,765.946059599999,958.90625,1.0333952021559454e-17,27.617946300000767,846.60546875,3.315908094588801e-12,33.26398080000217,883.1015625,0.00014083987960392805,62.893193100000644,892.328125,0.00040332754423002176,83.6746604,895.1484375,0.0638571496752268,131.08760709999842,897.6796875,0.10263006443583672,269.13307519999944,909.0703125,0.9426125296441894,499.48855780000304,928.93359375,,,,0.9999765129577427,853.1498877000013,978.6640625,,,,1.0333952021559454e-17,0.9999765129577427,8,1.0333952021559454e-17,8,0.8399824652083527,64,1.0,30,30,1,1,1305.0,0.9157894736842105,0.0,0.0,0.0,0.0,0.0,0.0,0.0,0.0,0.0,0.0,0.0,0.0,0.0,0.0,0.0,0.0,0.0,0.0,0.0,0.0,0.0,0.0,0.0,0.0,0.0,0.0,120.0,0.08421052631578947,0.0,0.0,0.0,0.0,0.0,0.0,0.0,0.0,0.0,0.0,0.0,0.0,0.0,0.0,0.0,0.0,0.0,0.0,0.0,0.0,0.0,0.0,0.0,0.0,0.0,0.0,0.0,0.0,0.0,0.0,0.0,0.0,0.0,0.0,0.0,0.0,0.0,0.0,120.0,1305.0,0.0,120.0,0.9157894736842105,0.0,0.08421052631578947,2.0,1425.0,675.0,465.0,187.49399990399692,13485.0,4.718866294353047,29,1.0,225.0,675.0,29.0,10.333333333333334,6.944222218666553,0.06666666666666667,0.5816091954022988,121.0,4.033333333333333,0.3925619834710744,1305.0,117.0,0.9157894736842105,435.0,1.0,1.0,1.0,1.0,0.0,0.0,0.0,0.0,0.0,29.0,29.0,0.0,29.0,29.0,29.0,29.0,4.906890595608519,29.0,0.0,29.0,29.0,29.0,29.0,29.0,225.0,225.0,225.0,4495.0,4495.0,4495.0,15.0,225.0,15.0,87.0,87.0,0.0,87.0,87.0,87.0,87.0,3.0,3.0,0.0,1.0,1.0,2.990182007158741,1.7251136810576722,0.02480768898038398,6.205433872899705,120.0,4.198341085750756,47.5,43.5,22.5,7.262628600974241,3.4339872044851463,6.516193076042964,TwoLocalRandom,TwoLocalRandom,1.0,1.0,6.77921328566366,6.642401811338718,0.011181435928458824
twolocalrandom_indep_qiskit_30.qasm,GPU,single,256,0.9999355088141648,8,225.9701571000005,256,9985,592.046875,0.003283410631063054,193.13605078936996,193.13933420000103,580.23046875,1.0336839222952201e-17,23.071371199999703,480.70703125,2.080917706386588e-12,30.43246680000084,515.82421875,0.0001392267793074442,40.959715299999516,524.5390625,0.00047194943876841325,57.41686750000008,527.9375,0.06551145713220663,82.65802319999784,530.3125,0.10295431334704208,181.50670349999928,541.61328125,0.9427313006449403,243.68310030000066,556.38671875,0.9860431418753848,331.27653009999995,598.2890625,0.9999355088141648,219.7310942999975,598.89453125,,,,1.0336839222952201e-17,0.9999355088141648,9,1.0336839222952201e-17,8,0.8397769872978982,64,1.0,30,30,1,1,1305.0,0.9157894736842105,0.0,0.0,0.0,0.0,0.0,0.0,0.0,0.0,0.0,0.0,0.0,0.0,0.0,0.0,0.0,0.0,0.0,0.0,0.0,0.0,0.0,0.0,0.0,0.0,0.0,0.0,120.0,0.08421052631578947,0.0,0.0,0.0,0.0,0.0,0.0,0.0,0.0,0.0,0.0,0.0,0.0,0.0,0.0,0.0,0.0,0.0,0.0,0.0,0.0,0.0,0.0,0.0,0.0,0.0,0.0,0.0,0.0,0.0,0.0,0.0,0.0,0.0,0.0,0.0,0.0,0.0,0.0,120.0,1305.0,0.0,120.0,0.9157894736842105,0.0,0.08421052631578947,2.0,1425.0,675.0,465.0,187.49399990399692,13485.0,4.718866294353047,29,1.0,225.0,675.0,29.0,10.333333333333334,6.944222218666553,0.06666666666666667,0.5816091954022988,121.0,4.033333333333333,0.3925619834710744,1305.0,117.0,0.9157894736842105,435.0,1.0,1.0,1.0,1.0,0.0,0.0,0.0,0.0,0.0,29.0,29.0,0.0,29.0,29.0,29.0,29.0,4.906890595608519,29.0,0.0,29.0,29.0,29.0,29.0,29.0,225.0,225.0,225.0,4495.0,4495.0,4495.0,15.0,225.0,15.0,87.0,87.0,0.0,87.0,87.0,87.0,87.0,3.0,3.0,0.0,1.0,1.0,2.990182007158741,1.7251136810576722,0.02480768898038398,6.205433872899705,120.0,4.198341085750756,47.5,43.5,22.5,7.262628600974241,3.4339872044851463,6.516193076042964,TwoLocalRandom,TwoLocalRandom,1.0,0.0,5.424818542319101,5.268559206001201,0.0032780320086451807
vqe_indep_qiskit_16.qasm,CPU,double,2,0.9999649676892838,1,5.410789199999954,2,6,426.9453125,0.000517796909690972,0.23282010309023307,0.23333789999992405,417.72265625,0.073964291111358,0.24050160000001597,426.04296875,0.9999649676892838,0.2514129999999568,426.47265625,,,,,,,,,,,,,,,,,,,,,,,,,0.073964291111358,0.9999649676892838,2,0.073964291111358,1,0.9260006765779258,2,1.0,16,16,1,1,30.0,0.38461538461538464,0.0,0.0,0.0,0.0,0.0,0.0,0.0,0.0,0.0,0.0,0.0,0.0,0.0,0.0,0.0,0.0,0.0,0.0,0.0,0.0,0.0,0.0,0.0,0.0,0.0,0.0,48.0,0.6153846153846154,0.0,0.0,0.0,0.0,0.0,0.0,0.0,0.0,0.0,0.0,0.0,0.0,0.0,0.0,0.0,0.0,0.0,0.0,0.0,0.0,0.0,0.0,0.0,0.0,0.0,0.0,0.0,0.0,0.0,0.0,0.0,0.0,0.0,0.0,0.0,0.0,0.0,0.0,48.0,30.0,0.0,48.0,0.38461538461538464,0.0,0.6153846153846154,2.0,78.0,2.0,2.0,0.0,30.0,3.906890595608518,15,1.0,1.0,2.0,1.0,1.0,0.0,1.0,0.0,20.0,1.25,0.24375,30.0,2.0,0.38461538461538464,15.0,0.125,1.0,1.0,0.0,0.0,0.0,0.0,0.0,0.0,2.0,1.875,0.33071891388307384,1.0,2.0,2.0,2.0,3.9735572622751856,1.0,0.0,1.0,1.0,1.0,1.0,1.0,1.0,1.0,1.0,15.0,15.0,15.0,1.0,1.0,1.0,4.0,3.75,0.6614378277661477,2.0,4.0,4.0,4.0,2.0,2.0,1.0,0.0,0.0,1.4400686267290765,0.9868639742001802,0.00023727581485406279,3.141592653589793,47.0,3.2211078760851497,4.875,1.875,0.125,4.3694478524670215,2.833213344056216,1.0986122886681096,VQE,VQE,0.0,1.0,1.857982383478716,0.20930431174531808,0.0005176628991293035
vqe_indep_qiskit_16.qasm,CPU,single,2,0.9999641183257246,1,4.355870100000175,2,7,427.1015625,0.00041258527852787127,0.23001731472146222,0.23042989999999008,417.72265625,0.07396416531577543,0.5590148999999656,426.1640625,0.9999641183257246,0.22603410000010626,426.7734375,,,,,,,,,,,,,,,,,,,,,,,,,0.07396416531577543,0.9999641183257246,2,0.07396416531577543,1,0.9259999530099492,2,1.0,16,16,1,1,30.0,0.38461538461538464,0.0,0.0,0.0,0.0,0.0,0.0,0.0,0.0,0.0,0.0,0.0,0.0,0.0,0.0,0.0,0.0,0.0,0.0,0.0,0.0,0.0,0.0,0.0,0.0,0.0,0.0,48.0,0.6153846153846154,0.0,0.0,0.0,0.0,0.0,0.0,0.0,0.0,0.0,0.0,0.0,0.0,0.0,0.0,0.0,0.0,0.0,0.0,0.0,0.0,0.0,0.0,0.0,0.0,0.0,0.0,0.0,0.0,0.0,0.0,0.0,0.0,0.0,0.0,0.0,0.0,0.0,0.0,48.0,30.0,0.0,48.0,0.38461538461538464,0.0,0.6153846153846154,2.0,78.0,2.0,2.0,0.0,30.0,3.906890595608518,15,1.0,1.0,2.0,1.0,1.0,0.0,1.0,0.0,20.0,1.25,0.24375,30.0,2.0,0.38461538461538464,15.0,0.125,1.0,1.0,0.0,0.0,0.0,0.0,0.0,0.0,2.0,1.875,0.33071891388307384,1.0,2.0,2.0,2.0,3.9735572622751856,1.0,0.0,1.0,1.0,1.0,1.0,1.0,1.0,1.0,1.0,15.0,15.0,15.0,1.0,1.0,1.0,4.0,3.75,0.6614378277661477,2.0,4.0,4.0,4.0,2.0,2.0,1.0,0.0,0.0,1.4400686267290765,0.9868639742001802,0.00023727581485406279,3.141592653589793,47.0,3.2211078760851497,4.875,1.875,0.125,4.3694478524670215,2.833213344056216,1.0986122886681096,VQE,VQE,0.0,0.0,1.6781931743608354,0.20702824629456484,0.0004125001886255985
vqe_indep_qiskit_16.qasm,GPU,double,2,0.9999649662746857,1,5.280203699999902,2,7,874.1640625,0.000505526192619248,0.2249417738074224,0.22544730000004165,863.7578125,0.07396429111135712,0.23056999999994332,842.90234375,0.9999649662746857,0.3777669999999489,871.83203125,,,,,,,,,,,,,,,,,,,,,,,,,0.07396429111135712,0.9999649662746857,2,0.07396429111135712,1,0.9260006751633285,2,1.0,16,16,1,1,30.0,0.38461538461538464,0.0,0.0,0.0,0.0,0.0,0.0,0.0,0.0,0.0,0.0,0.0,0.0,0.0,0.0,0.0,0.0,0.0,0.0,0.0,0.0,0.0,0.0,0.0,0.0,0.0,0.0,48.0,0.6153846153846154,0.0,0.0,0.0,0.0,0.0,0.0,0.0,0.0,0.0,0.0,0.0,0.0,0.0,0.0,0.0,0.0,0.0,0.0,0.0,0.0,0.0,0.0,0.0,0.0,0.0,0.0,0.0,0.0,0.0,0.0,0.0,0.0,0.0,0.0,0.0,0.0,0.0,0.0,48.0,30.0,0.0,48.0,0.38461538461538464,0.0,0.6153846153846154,2.0,78.0,2.0,2.0,0.0,30.0,3.906890595608518,15,1.0,1.0,2.0,1.0,1.0,0.0,1.0,0.0,20.0,1.25,0.24375,30.0,2.0,0.38461538461538464,15.0,0.125,1.0,1.0,0.0,0.0,0.0,0.0,0.0,0.0,2.0,1.875,0.33071891388307384,1.0,2.0,2.0,2.0,3.9735572622751856,1.0,0.0,1.0,1.0,1.0,1.0,1.0,1.0,1.0,1.0,15.0,15.0,15.0,1.0,1.0,1.0,4.0,3.75,0.6614378277661477,2.0,4.0,4.0,4.0,2.0,2.0,1.0,0.0,0.0,1.4400686267290765,0.9868639742001802,0.00023727581485406279,3.141592653589793,47.0,3.2211078760851497,4.875,1.875,0.125,4.3694478524670215,2.833213344056216,1.0986122886681096,VQE,VQE,1.0,1.0,1.8374024162597786,0.20289331128125104,0.0005053984573007556
vqe_indep_qiskit_16.qasm,GPU,single,2,0.9999650719831585,1,4.266166099999964,2,7,509.58203125,0.00040249719971995903,0.24119410280037357,0.24159660000009353,496.7890625,0.0739646840459649,0.22932909999985895,477.03515625,0.9999650719831585,0.31315969999991466,505.21484375,,,,,,,,,,,,,,,,,,,,,,,,,0.0739646840459649,0.9999650719831585,2,0.0739646840459649,1,0.9260003879371936,2,1.0,16,16,1,1,30.0,0.38461538461538464,0.0,0.0,0.0,0.0,0.0,0.0,0.0,0.0,0.0,0.0,0.0,0.0,0.0,0.0,0.0,0.0,0.0,0.0,0.0,0.0,0.0,0.0,0.0,0.0,0.0,0.0,48.0,0.6153846153846154,0.0,0.0,0.0,0.0,0.0,0.0,0.0,0.0,0.0,0.0,0.0,0.0,0.0,0.0,0.0,0.0,0.0,0.0,0.0,0.0,0.0,0.0,0.0,0.0,0.0,0.0,0.0,0.0,0.0,0.0,0.0,0.0,0.0,0.0,0.0,0.0,0.0,0.0,48.0,30.0,0.0,48.0,0.38461538461538464,0.0,0.6153846153846154,2.0,78.0,2.0,2.0,0.0,30.0,3.906890595608518,15,1.0,1.0,2.0,1.0,1.0,0.0,1.0,0.0,20.0,1.25,0.24375,30.0,2.0,0.38461538461538464,15.0,0.125,1.0,1.0,0.0,0.0,0.0,0.0,0.0,0.0,2.0,1.875,0.33071891388307384,1.0,2.0,2.0,2.0,3.9735572622751856,1.0,0.0,1.0,1.0,1.0,1.0,1.0,1.0,1.0,1.0,15.0,15.0,15.0,1.0,1.0,1.0,4.0,3.75,0.6614378277661477,2.0,4.0,4.0,4.0,2.0,2.0,1.0,0.0,0.0,1.4400686267290765,0.9868639742001802,0.00023727581485406279,3.141592653589793,47.0,3.2211078760851497,4.875,1.875,0.125,4.3694478524670215,2.833213344056216,1.0986122886681096,VQE,VQE,1.0,0.0,1.6613026025440112,0.21607390237259413,0.0004024162194508935
wstate_indep_qiskit_130.qasm,CPU,double,2,0.9999999999999978,1,40.51257550000082,2,130,430.26171875,0.0040292601360136255,0.21997413986456987,0.2240034000005835,418.41015625,0.007692307692307896,0.36371820000022126,428.1875,0.9999999999999978,1.2934676000004401,428.2265625,,,,,,,,,,,,,,,,,,,,,,,,,0.007692307692307896,0.9999999999999978,2,0.007692307692307896,1,0.9923076923076899,2,1.0,130,130,1,1,129.0,0.2495164410058027,129.0,0.2495164410058027,0.0,0.0,0.0,0.0,0.0,0.0,0.0,0.0,0.0,0.0,0.0,0.0,0.0,0.0,0.0,0.0,1.0,0.0019342359767891683,0.0,0.0,0.0,0.0,0.0,0.0,258.0,0.4990328820116054,0.0,0.0,0.0,0.0,0.0,0.0,0.0,0.0,0.0,0.0,0.0,0.0,0.0,0.0,0.0,0.0,0.0,0.0,0.0,0.0,0.0,0.0,0.0,0.0,0.0,0.0,0.0,0.0,0.0,0.0,0.0,0.0,0.0,0.0,0.0,0.0,0.0,0.0,259.0,258.0,0.0,258.0,0.4990328820116054,0.0,0.4990328820116054,4.0,517.0,2.0,2.0,0.0,258.0,7.011227255423254,129,1.0,1.0,2.0,1.0,1.0,0.0,1.0,0.0,260.0,2.0,0.01529585798816568,258.0,130.0,0.4990328820116054,129.0,0.015384615384615385,1.0,1.0,0.0,0.0,0.0,0.0,0.0,0.0,2.0,1.9846153846153847,0.12307692307692308,1.0,2.0,2.0,2.0,7.018979193407749,1.0,0.0,1.0,1.0,1.0,1.0,1.0,1.0,1.0,1.0,129.0,129.0,129.0,15.0,17.0,1.048780487804878,4.0,3.9692307692307693,0.24615384615384617,2.0,4.0,4.0,4.0,2.0,2.0,1.0,0.0,0.0,1.4106386716735146,0.10425753837514096,0.7853981633974483,1.482977690509896,129.0,2.370284022988348,3.976923076923077,1.9846153846153847,0.015384615384615385,6.249975242259483,4.875197323201151,1.0986122886681096,W_State,W_State,0.0,1.0,3.7259964054305295,0.19882966168818939,0.004021164406638667
wstate_indep_qiskit_130.qasm,CPU,single,2,0.9999837876023321,1,35.563419899999644,2,130,429.4296875,0.0035340065406540893,0.22335449345875022,0.2268884999994043,418.046875,0.0076922940120721095,0.3698164999987057,427.9609375,0.9999837876023321,0.9958306999997149,428.265625,,,,,,,,,,,,,,,,,,,,,,,,,0.0076922940120721095,0.9999837876023321,2,0.0076922940120721095,1,0.99229149359026,2,1.0,130,130,1,1,129.0,0.2495164410058027,129.0,0.2495164410058027,0.0,0.0,0.0,0.0,0.0,0.0,0.0,0.0,0.0,0.0,0.0,0.0,0.0,0.0,0.0,0.0,1.0,0.0019342359767891683,0.0,0.0,0.0,0.0,0.0,0.0,258.0,0.4990328820116054,0.0,0.0,0.0,0.0,0.0,0.0,0.0,0.0,0.0,0.0,0.0,0.0,0.0,0.0,0.0,0.0,0.0,0.0,0.0,0.0,0.0,0.0,0.0,0.0,0.0,0.0,0.0,0.0,0.0,0.0,0.0,0.0,0.0,0.0,0.0,0.0,0.0,0.0,259.0,258.0,0.0,258.0,0.4990328820116054,0.0,0.4990328820116054,4.0,517.0,2.0,2.0,0.0,258.0,7.011227255423254,129,1.0,1.0,2.0,1.0,1.0,0.0,1.0,0.0,260.0,2.0,0.01529585798816568,258.0,130.0,0.4990328820116054,129.0,0.015384615384615385,1.0,1.0,0.0,0.0,0.0,0.0,0.0,0.0,2.0,1.9846153846153847,0.12307692307692308,1.0,2.0,2.0,2.0,7.018979193407749,1.0,0.0,1.0,1.0,1.0,1.0,1.0,1.0,1.0,1.0,129.0,129.0,129.0,15.0,17.0,1.048780487804878,4.0,3.9692307692307693,0.24615384615384617,2.0,4.0,4.0,4.0,2.0,2.0,1.0,0.0,0.0,1.4106386716735146,0.10425753837514096,0.7853981633974483,1.482977690509896,129.0,2.370284022988348,3.976923076923077,1.9846153846153847,0.015384615384615385,6.249975242259483,4.875197323201151,1.0986122886681096,W_State,W_State,0.0,0.0,3.599048284333686,0.20159667035402143,0.003527776612961732
wstate_indep_qiskit_130.qasm,GPU,double,2,1.000000000000072,1,44.636731400001736,2,130,879.0390625,0.004396878247824807,0.6679489217536696,0.6723458000014944,864.921875,0.007692307692307947,1.2169529999991937,845.02734375,1.000000000000072,1.4948955999989266,874.30078125,,,,,,,,,,,,,,,,,,,,,,,,,0.007692307692307947,1.000000000000072,2,0.007692307692307947,1,0.9923076923077639,2,1.0,130,130,1,1,129.0,0.2495164410058027,129.0,0.2495164410058027,0.0,0.0,0.0,0.0,0.0,0.0,0.0,0.0,0.0,0.0,0.0,0.0,0.0,0.0,0.0,0.0,1.0,0.0019342359767891683,0.0,0.0,0.0,0.0,0.0,0.0,258.0,0.4990328820116054,0.0,0.0,0.0,0.0,0.0,0.0,0.0,0.0,0.0,0.0,0.0,0.0,0.0,0.0,0.0,0.0,0.0,0.0,0.0,0.0,0.0,0.0,0.0,0.0,0.0,0.0,0.0,0.0,0.0,0.0,0.0,0.0,0.0,0.0,0.0,0.0,0.0,0.0,259.0,258.0,0.0,258.0,0.4990328820116054,0.0,0.4990328820116054,4.0,517.0,2.0,2.0,0.0,258.0,7.011227255423254,129,1.0,1.0,2.0,1.0,1.0,0.0,1.0,0.0,260.0,2.0,0.01529585798816568,258.0,130.0,0.4990328820116054,129.0,0.015384615384615385,1.0,1.0,0.0,0.0,0.0,0.0,0.0,0.0,2.0,1.9846153846153847,0.12307692307692308,1.0,2.0,2.0,2.0,7.018979193407749,1.0,0.0,1.0,1.0,1.0,1.0,1.0,1.0,1.0,1.0,129.0,129.0,129.0,15.0,17.0,1.048780487804878,4.0,3.9692307692307693,0.24615384615384617,2.0,4.0,4.0,4.0,2.0,2.0,1.0,0.0,0.0,1.4106386716735146,0.10425753837514096,0.7853981633974483,1.482977690509896,129.0,2.370284022988348,3.976923076923077,1.9846153846153847,0.015384615384615385,6.249975242259483,4.875197323201151,1.0986122886681096,W_State,W_State,1.0,1.0,3.8207129054266638,0.5115946810178399,0.004387240219824828
wstate_indep_qiskit_130.qasm,GPU,single,2,0.9999963045154381,1,37.80133940000087,2,130,513.23828125,0.003724692979297891,0.5544096070219587,0.5581343000012566,497.69140625,0.0076922940120721095,0.9776784999994561,478.359375,0.9999963045154381,1.2733167000005778,507.84375,,,,,,,,,,,,,,,,,,,,,,,,,0.0076922940120721095,0.9999963045154381,2,0.0076922940120721095,1,0.992304010503366,2,1.0,130,130,1,1,129.0,0.2495164410058027,129.0,0.2495164410058027,0.0,0.0,0.0,0.0,0.0,0.0,0.0,0.0,0.0,0.0,0.0,0.0,0.0,0.0,0.0,0.0,1.0,0.0019342359767891683,0.0,0.0,0.0,0.0,0.0,0.0,258.0,0.4990328820116054,0.0,0.0,0.0,0.0,0.0,0.0,0.0,0.0,0.0,0.0,0.0,0.0,0.0,0.0,0.0,0.0,0.0,0.0,0.0,0.0,0.0,0.0,0.0,0.0,0.0,0.0,0.0,0.0,0.0,0.0,0.0,0.0,0.0,0.0,0.0,0.0,0.0,0.0,259.0,258.0,0.0,258.0,0.4990328820116054,0.0,0.4990328820116054,4.0,517.0,2.0,2.0,0.0,258.0,7.011227255423254,129,1.0,1.0,2.0,1.0,1.0,0.0,1.0,0.0,260.0,2.0,0.01529585798816568,258.0,130.0,0.4990328820116054,129.0,0.015384615384615385,1.0,1.0,0.0,0.0,0.0,0.0,0.0,0.0,2.0,1.9846153846153847,0.12307692307692308,1.0,2.0,2.0,2.0,7.018979193407749,1.0,0.0,1.0,1.0,1.0,1.0,1.0,1.0,1.0,1.0,129.0,129.0,129.0,15.0,17.0,1.048780487804878,4.0,3.9692307692307693,0.24615384615384617,2.0,4.0,4.0,4.0,2.0,2.0,1.0,0.0,0.0,1.4106386716735146,0.10425753837514096,0.7853981633974483,1.482977690509896,129.0,2.370284022988348,3.976923076923077,1.9846153846153847,0.015384615384615385,6.249975242259483,4.875197323201151,1.0986122886681096,W_State,W_State,1.0,0.0,3.658454766651984,0.4410957995959354,0.0037177734870697233
wstate_indep_qiskit_15.qasm,CPU,double,2,0.9999999999999976,1,4.610865800000056,2,15,426.05078125,0.0004369372337233778,0.24149346276627773,0.2419304000000011,417.64453125,0.06666666666666665,0.24886289999994915,426.5703125,0.9999999999999976,0.23836779999987812,426.1796875,,,,,,,,,,,,,,,,,,,,,,,,,0.06666666666666665,0.9999999999999976,2,0.06666666666666665,1,0.9333333333333309,2,1.0,15,15,1,1,14.0,0.24561403508771928,14.0,0.24561403508771928,0.0,0.0,0.0,0.0,0.0,0.0,0.0,0.0,0.0,0.0,0.0,0.0,0.0,0.0,0.0,0.0,1.0,0.017543859649122806,0.0,0.0,0.0,0.0,0.0,0.0,28.0,0.49122807017543857,0.0,0.0,0.0,0.0,0.0,0.0,0.0,0.0,0.0,0.0,0.0,0.0,0.0,0.0,0.0,0.0,0.0,0.0,0.0,0.0,0.0,0.0,0.0,0.0,0.0,0.0,0.0,0.0,0.0,0.0,0.0,0.0,0.0,0.0,0.0,0.0,0.0,0.0,29.0,28.0,0.0,28.0,0.49122807017543857,0.0,0.49122807017543857,4.0,57.0,2.0,2.0,0.0,28.0,3.8073549220576055,14,1.0,1.0,2.0,1.0,1.0,0.0,1.0,0.0,30.0,2.0,0.12666666666666668,28.0,15.0,0.49122807017543857,14.0,0.13333333333333333,1.0,1.0,0.0,0.0,0.0,0.0,0.0,0.0,2.0,1.8666666666666667,0.33993463423951903,1.0,2.0,2.0,2.0,3.878783493486177,1.0,0.0,1.0,1.0,1.0,1.0,1.0,1.0,1.0,1.0,14.0,14.0,14.0,1.0,1.0,1.0,4.0,3.7333333333333334,0.6798692684790381,2.0,4.0,4.0,4.0,2.0,2.0,1.0,0.0,0.0,1.1685768923201667,0.14552527070810808,0.7853981633974483,1.3096389158918722,14.0,2.9502120649147465,3.8,1.8666666666666667,0.13333333333333333,4.060443010546419,2.772588722239781,1.0986122886681096,W_State,W_State,0.0,1.0,1.7247050391775285,0.21631506035921066,0.000436841804446995
wstate_indep_qiskit_15.qasm,CPU,single,2,0.9999983310706426,1,4.0718339000000014,2,15,434.12109375,0.0003847383138313679,0.22445076168632247,0.22483550000015384,417.6875,0.06666666530471677,0.23240260000011403,426.13671875,0.9999983310706426,0.2374397000000954,426.29296875,,,,,,,,,,,,,,,,,,,,,,,,,0.06666666530471677,0.9999983310706426,2,0.06666666530471677,1,0.9333316657659259,2,1.0,15,15,1,1,14.0,0.24561403508771928,14.0,0.24561403508771928,0.0,0.0,0.0,0.0,0.0,0.0,0.0,0.0,0.0,0.0,0.0,0.0,0.0,0.0,0.0,0.0,1.0,0.017543859649122806,0.0,0.0,0.0,0.0,0.0,0.0,28.0,0.49122807017543857,0.0,0.0,0.0,0.0,0.0,0.0,0.0,0.0,0.0,0.0,0.0,0.0,0.0,0.0,0.0,0.0,0.0,0.0,0.0,0.0,0.0,0.0,0.0,0.0,0.0,0.0,0.0,0.0,0.0,0.0,0.0,0.0,0.0,0.0,0.0,0.0,0.0,0.0,29.0,28.0,0.0,28.0,0.49122807017543857,0.0,0.49122807017543857,4.0,57.0,2.0,2.0,0.0,28.0,3.8073549220576055,14,1.0,1.0,2.0,1.0,1.0,0.0,1.0,0.0,30.0,2.0,0.12666666666666668,28.0,15.0,0.49122807017543857,14.0,0.13333333333333333,1.0,1.0,0.0,0.0,0.0,0.0,0.0,0.0,2.0,1.8666666666666667,0.33993463423951903,1.0,2.0,2.0,2.0,3.878783493486177,1.0,0.0,1.0,1.0,1.0,1.0,1.0,1.0,1.0,1.0,14.0,14.0,14.0,1.0,1.0,1.0,4.0,3.7333333333333334,0.6798692684790381,2.0,4.0,4.0,4.0,2.0,2.0,1.0,0.0,0.0,1.1685768923201667,0.14552527070810808,0.7853981633974483,1.3096389158918722,14.0,2.9502120649147465,3.8,1.8666666666666667,0.13333333333333333,4.060443010546419,2.772588722239781,1.0986122886681096,W_State,W_State,0.0,0.0,1.6237024681759709,0.20249238564719124,0.0003846643210242732
wstate_indep_qiskit_15.qasm,GPU,double,2,1.0000000000000036,1,4.7788454999999885,2,15,875.4765625,0.00045597396739675475,0.21910582603244086,0.2195617999998376,863.42578125,0.06666666666666674,0.22106399999984205,842.578125,1.0000000000000036,0.28698260000010123,871.8046875,,,,,,,,,,,,,,,,,,,,,,,,,0.06666666666666674,1.0000000000000036,2,0.06666666666666674,1,0.9333333333333368,2,1.0,15,15,1,1,14.0,0.24561403508771928,14.0,0.24561403508771928,0.0,0.0,0.0,0.0,0.0,0.0,0.0,0.0,0.0,0.0,0.0,0.0,0.0,0.0,0.0,0.0,1.0,0.017543859649122806,0.0,0.0,0.0,0.0,0.0,0.0,28.0,0.49122807017543857,0.0,0.0,0.0,0.0,0.0,0.0,0.0,0.0,0.0,0.0,0.0,0.0,0.0,0.0,0.0,0.0,0.0,0.0,0.0,0.0,0.0,0.0,0.0,0.0,0.0,0.0,0.0,0.0,0.0,0.0,0.0,0.0,0.0,0.0,0.0,0.0,0.0,0.0,29.0,28.0,0.0,28.0,0.49122807017543857,0.0,0.49122807017543857,4.0,57.0,2.0,2.0,0.0,28.0,3.8073549220576055,14,1.0,1.0,2.0,1.0,1.0,0.0,1.0,0.0,30.0,2.0,0.12666666666666668,28.0,15.0,0.49122807017543857,14.0,0.13333333333333333,1.0,1.0,0.0,0.0,0.0,0.0,0.0,0.0,2.0,1.8666666666666667,0.33993463423951903,1.0,2.0,2.0,2.0,3.878783493486177,1.0,0.0,1.0,1.0,1.0,1.0,1.0,1.0,1.0,1.0,14.0,14.0,14.0,1.0,1.0,1.0,4.0,3.7333333333333334,0.6798692684790381,2.0,4.0,4.0,4.0,2.0,2.0,1.0,0.0,0.0,1.1685768923201667,0.14552527070810808,0.7853981633974483,1.3096389158918722,14.0,2.9502120649147465,3.8,1.8666666666666667,0.13333333333333333,4.060443010546419,2.772588722239781,1.0986122886681096,W_State,W_State,1.0,1.0,1.7542039222490677,0.19811766053943491,0.00045587004285733924
wstate_indep_qiskit_15.qasm,GPU,single,2,0.9999995231628986,1,3.980514600000106,2,15,508.859375,0.0003748739573957534,0.23177502604257186,0.2321498999999676,496.7578125,0.0666666499148647,0.24229239999999663,476.05859375,0.9999995231628986,0.2509499999998752,505.1328125,,,,,,,,,,,,,,,,,,,,,,,,,0.0666666499148647,0.9999995231628986,2,0.0666666499148647,1,0.9333328732480339,2,1.0,15,15,1,1,14.0,0.24561403508771928,14.0,0.24561403508771928,0.0,0.0,0.0,0.0,0.0,0.0,0.0,0.0,0.0,0.0,0.0,0.0,0.0,0.0,0.0,0.0,1.0,0.017543859649122806,0.0,0.0,0.0,0.0,0.0,0.0,28.0,0.49122807017543857,0.0,0.0,0.0,0.0,0.0,0.0,0.0,0.0,0.0,0.0,0.0,0.0,0.0,0.0,0.0,0.0,0.0,0.0,0.0,0.0,0.0,0.0,0.0,0.0,0.0,0.0,0.0,0.0,0.0,0.0,0.0,0.0,0.0,0.0,0.0,0.0,0.0,0.0,29.0,28.0,0.0,28.0,0.49122807017543857,0.0,0.49122807017543857,4.0,57.0,2.0,2.0,0.0,28.0,3.8073549220576055,14,1.0,1.0,2.0,1.0,1.0,0.0,1.0,0.0,30.0,2.0,0.12666666666666668,28.0,15.0,0.49122807017543857,14.0,0.13333333333333333,1.0,1.0,0.0,0.0,0.0,0.0,0.0,0.0,2.0,1.8666666666666667,0.33993463423951903,1.0,2.0,2.0,2.0,3.878783493486177,1.0,0.0,1.0,1.0,1.0,1.0,1.0,1.0,1.0,1.0,14.0,14.0,14.0,1.0,1.0,1.0,4.0,3.7333333333333334,0.6798692684790381,2.0,4.0,4.0,4.0,2.0,2.0,1.0,0.0,0.0,1.1685768923201667,0.14552527070810808,0.7853981633974483,1.3096389158918722,14.0,2.9502120649147465,3.8,1.8666666666666667,0.13333333333333333,4.060443010546419,2.772588722239781,1.0986122886681096,W_State,W_State,1.0,0.0,1.6055332190313951,0.20845623970464489,0.0003748037097092571
wstate_indep_qiskit_30.qasm,CPU,double,2,1.0000000000000093,1,9.64928860000009,2,30,426.8671875,0.0009434444044404556,0.21484455559553453,0.215787999999975,417.78515625,0.03333333333333344,0.22529329999997572,426.6484375,1.0000000000000093,0.3618981999998141,426.6328125,,,,,,,,,,,,,,,,,,,,,,,,,0.03333333333333344,1.0000000000000093,2,0.03333333333333344,1,0.9666666666666759,2,1.0,30,30,1,1,29.0,0.24786324786324787,29.0,0.24786324786324787,0.0,0.0,0.0,0.0,0.0,0.0,0.0,0.0,0.0,0.0,0.0,0.0,0.0,0.0,0.0,0.0,1.0,0.008547008547008548,0.0,0.0,0.0,0.0,0.0,0.0,58.0,0.49572649572649574,0.0,0.0,0.0,0.0,0.0,0.0,0.0,0.0,0.0,0.0,0.0,0.0,0.0,0.0,0.0,0.0,0.0,0.0,0.0,0.0,0.0,0.0,0.0,0.0,0.0,0.0,0.0,0.0,0.0,0.0,0.0,0.0,0.0,0.0,0.0,0.0,0.0,0.0,59.0,58.0,0.0,58.0,0.49572649572649574,0.0,0.49572649572649574,4.0,117.0,2.0,2.0,0.0,58.0,4.85798099512757,29,1.0,1.0,2.0,1.0,1.0,0.0,1.0,0.0,60.0,2.0,0.065,58.0,30.0,0.49572649572649574,29.0,0.06666666666666667,1.0,1.0,0.0,0.0,0.0,0.0,0.0,0.0,2.0,1.9333333333333333,0.24944382578492943,1.0,2.0,2.0,2.0,4.89246375374826,1.0,0.0,1.0,1.0,1.0,1.0,1.0,1.0,1.0,1.0,29.0,29.0,29.0,3.0,3.0,1.0,4.0,3.8666666666666667,0.49888765156985887,2.0,4.0,4.0,4.0,2.0,2.0,1.0,0.0,0.0,1.2664154222394215,0.13923932967040464,0.7853981633974483,1.387192316515978,29.0,3.1473037373883717,3.9,1.9333333333333333,0.06666666666666667,4.770684624465665,3.4339872044851463,1.0986122886681096,W_State,W_State,0.0,1.0,2.365493091802283,0.19461613082632265,0.0009429996404863809
wstate_indep_qiskit_30.qasm,CPU,single,2,0.9999979734431044,1,8.140911799999685,2,30,427.34765625,0.0007925633163315574,0.21527863668411076,0.21607120000044233,417.71875,0.03333332132412181,0.23887119999972128,426.42578125,0.9999979734431044,0.3255861000002369,426.46484375,,,,,,,,,,,,,,,,,,,,,,,,,0.03333332132412181,0.9999979734431044,2,0.03333332132412181,1,0.9666646521189826,2,1.0,30,30,1,1,29.0,0.24786324786324787,29.0,0.24786324786324787,0.0,0.0,0.0,0.0,0.0,0.0,0.0,0.0,0.0,0.0,0.0,0.0,0.0,0.0,0.0,0.0,1.0,0.008547008547008548,0.0,0.0,0.0,0.0,0.0,0.0,58.0,0.49572649572649574,0.0,0.0,0.0,0.0,0.0,0.0,0.0,0.0,0.0,0.0,0.0,0.0,0.0,0.0,0.0,0.0,0.0,0.0,0.0,0.0,0.0,0.0,0.0,0.0,0.0,0.0,0.0,0.0,0.0,0.0,0.0,0.0,0.0,0.0,0.0,0.0,0.0,0.0,59.0,58.0,0.0,58.0,0.49572649572649574,0.0,0.49572649572649574,4.0,117.0,2.0,2.0,0.0,58.0,4.85798099512757,29,1.0,1.0,2.0,1.0,1.0,0.0,1.0,0.0,60.0,2.0,0.065,58.0,30.0,0.49572649572649574,29.0,0.06666666666666667,1.0,1.0,0.0,0.0,0.0,0.0,0.0,0.0,2.0,1.9333333333333333,0.24944382578492943,1.0,2.0,2.0,2.0,4.89246375374826,1.0,0.0,1.0,1.0,1.0,1.0,1.0,1.0,1.0,1.0,29.0,29.0,29.0,3.0,3.0,1.0,4.0,3.8666666666666667,0.49888765156985887,2.0,4.0,4.0,4.0,2.0,2.0,1.0,0.0,0.0,1.2664154222394215,0.13923932967040464,0.7853981633974483,1.387192316515978,29.0,3.1473037373883717,3.9,1.9333333333333333,0.06666666666666667,4.770684624465665,3.4339872044851463,1.0986122886681096,W_State,W_State,0.0,0.0,2.2127601397901775,0.19497338110447482,0.000792249403879073
wstate_indep_qiskit_30.qasm,GPU,double,2,1.0000000000000204,1,9.73068579999972,2,30,876.55078125,0.0009491739473947239,0.2389463260524803,0.23989549999987503,863.4375,0.03333333333333341,0.32728110000016386,843.30078125,1.0000000000000204,0.45927409999967495,872.109375,,,,,,,,,,,,,,,,,,,,,,,,,0.03333333333333341,1.0000000000000204,2,0.03333333333333341,1,0.966666666666687,2,1.0,30,30,1,1,29.0,0.24786324786324787,29.0,0.24786324786324787,0.0,0.0,0.0,0.0,0.0,0.0,0.0,0.0,0.0,0.0,0.0,0.0,0.0,0.0,0.0,0.0,1.0,0.008547008547008548,0.0,0.0,0.0,0.0,0.0,0.0,58.0,0.49572649572649574,0.0,0.0,0.0,0.0,0.0,0.0,0.0,0.0,0.0,0.0,0.0,0.0,0.0,0.0,0.0,0.0,0.0,0.0,0.0,0.0,0.0,0.0,0.0,0.0,0.0,0.0,0.0,0.0,0.0,0.0,0.0,0.0,0.0,0.0,0.0,0.0,0.0,0.0,59.0,58.0,0.0,58.0,0.49572649572649574,0.0,0.49572649572649574,4.0,117.0,2.0,2.0,0.0,58.0,4.85798099512757,29,1.0,1.0,2.0,1.0,1.0,0.0,1.0,0.0,60.0,2.0,0.065,58.0,30.0,0.49572649572649574,29.0,0.06666666666666667,1.0,1.0,0.0,0.0,0.0,0.0,0.0,0.0,2.0,1.9333333333333333,0.24944382578492943,1.0,2.0,2.0,2.0,4.89246375374826,1.0,0.0,1.0,1.0,1.0,1.0,1.0,1.0,1.0,1.0,29.0,29.0,29.0,3.0,3.0,1.0,4.0,3.8666666666666667,0.49888765156985887,2.0,4.0,4.0,4.0,2.0,2.0,1.0,0.0,0.0,1.2664154222394215,0.13923932967040464,0.7853981633974483,1.387192316515978,29.0,3.1473037373883717,3.9,1.9333333333333333,0.06666666666666667,4.770684624465665,3.4339872044851463,1.0986122886681096,W_State,W_State,1.0,1.0,2.3731074688592386,0.21426128133131445,0.0009487237666475544
wstate_indep_qiskit_30.qasm,GPU,single,2,0.9999984502798362,1,8.433104700000058,2,30,508.296875,0.0008222036503650522,0.21106819634953694,0.211890399999902,496.58203125,0.03333331044185517,0.2855701000003137,476.62109375,0.9999984502798362,0.35999320000019,505.3828125,,,,,,,,,,,,,,,,,,,,,,,,,0.03333331044185517,0.9999984502798362,2,0.03333331044185517,1,0.9666651398379811,2,1.0,30,30,1,1,29.0,0.24786324786324787,29.0,0.24786324786324787,0.0,0.0,0.0,0.0,0.0,0.0,0.0,0.0,0.0,0.0,0.0,0.0,0.0,0.0,0.0,0.0,1.0,0.008547008547008548,0.0,0.0,0.0,0.0,0.0,0.0,58.0,0.49572649572649574,0.0,0.0,0.0,0.0,0.0,0.0,0.0,0.0,0.0,0.0,0.0,0.0,0.0,0.0,0.0,0.0,0.0,0.0,0.0,0.0,0.0,0.0,0.0,0.0,0.0,0.0,0.0,0.0,0.0,0.0,0.0,0.0,0.0,0.0,0.0,0.0,0.0,0.0,59.0,58.0,0.0,58.0,0.49572649572649574,0.0,0.49572649572649574,4.0,117.0,2.0,2.0,0.0,58.0,4.85798099512757,29,1.0,1.0,2.0,1.0,1.0,0.0,1.0,0.0,60.0,2.0,0.065,58.0,30.0,0.49572649572649574,29.0,0.06666666666666667,1.0,1.0,0.0,0.0,0.0,0.0,0.0,0.0,2.0,1.9333333333333333,0.24944382578492943,1.0,2.0,2.0,2.0,4.89246375374826,1.0,0.0,1.0,1.0,1.0,1.0,1.0,1.0,1.0,1.0,29.0,29.0,29.0,3.0,3.0,1.0,4.0,3.8666666666666667,0.49888765156985887,2.0,4.0,4.0,4.0,2.0,2.0,1.0,0.0,0.0,1.2664154222394215,0.13923932967040464,0.7853981633974483,1.387192316515978,29.0,3.1473037373883717,3.9,1.9333333333333333,0.06666666666666667,4.770684624465665,3.4339872044851463,1.0986122886681096,W_State,W_State,1.0,0.0,2.244225278938257,0.19150277706426794,0.0008218658261045934
